日期,合约,开盘价,收盘价
20091229,Au9999,250.00,251.58
20190403,Au99.99,283.00,282.05
20150626,Au9999,235.10,234.98
20121011,Au9999,358.00,357.54
20080909,Au99.99,179.00,176.59
20030213,Au99.99,94.1,94.36
20120720,Au9999,325.68,325.84
20171122,Au9999,275.42,274.74
20120104,Au9999,328.45,328.72
20110715,Au9999,330.50,327.20
20160914,Au9999,285.99,284.95
20120210,Au9999,352.55,351.74
20160725,Au9999,285.80,283.27
20170801,Au99.99,276.48,275.30
20120807,Au9999,330.50,331.25
20100826,Au9999,270.00,271.82
20090910,Au9999,219.00,218.44
20150821,Au9999,235.99,238.02
20190812,Au99.99,344.35,341.16
20160422,Au9999,263.00,260.44
20180123,Au99.99,276.78,277.14
20101118,Au9999,290.50,292.09
20130313,Au9999,314.28,320.90
20131223,Au9999,237.85,238.77
20151110,Au9999,225.45,224.24
20151028,Au9999,239.29,240.00
20100806,Au9999,262.70,261.31
20110406,Au9999,306.50,306.47
20181016,Au99.99,275.12,274.25
20200205,Au99.99,356.00,351.70
20200305,Au99.99,367.58,366.49
20111104,Au9999,361.00,359.49
20100519,Au9999,269.20,266.70
20150922,Au9999,234.00,233.40
20110602,Au9999,321.50,321.38
20110727,Au9999,335.10,336.10
20100506,Au9999,257.60,257.64
20150508,Au9999,237.49,237.65
20090806,Au9999,212.00,211.95
20150209,Au9999,255.49,249.74
20021104,Au9999,84.9,84.99
20150819,Au9999,231.04,231.79
20130115,Au9999,335.92,337.49
20111028,Au9999,354.00,356.34
20131104,Au9999,259.00,258.41
20190805,Au99.99,323.30,331.99
20190827,Au99.99,357.00,355.72
20130813,Au9999,267.80,267.96
20140714,Au9999,266.90,263.26
20170327,Au99.99,278.35,280.53
20121030,Au9999,347.00,344.29
20120731,Au9999,333.00,332.35
20120224,Au9999,360.00,359.79
20090609,Au9999,209.00,209.69
20120828,Au9999,342.33,340.20
20180214,Au99.99,272.44,273.21
20120515,Au9999,322.00,318.51
20150114,Au9999,248.00,247.70
20141029,Au9999,242.45,241.83
20090409,Au9999,195.66,194.58
20191010,Au99.99,350.00,346.41
20170313,Au99.99,271.78,272.90
20190704,Au99.99,318.00,315.01
20190402,Au99.99,283.00,281.51
20190417,Au99.99,281.49,279.70
20120307,Au9999,360.00,340.99
20140627,Au9999,263.80,263.09
20150605,Au9999,236.63,235.00
20080825,Au9999,182.00,181.19
20110105,Au9999,302.50,297.68
20030408,Au99.99,86.89,86.01
20090722,Au9999,208.58,208.08
20140424,Au9999,258.30,257.70
20150702,Au9999,233.00,232.73
20030109,Au99.99,94.36,94.22
20200117,Au99.99,347.00,344.75
20141104,Au9999,231.49,229.50
20180130,Au9999,276.00,274.00
20160317,Au9999,258.15,263.86
20161107,Au99.99,283.00,281.38
20180131,Au9999,275.35,274.05
20140904,Au9999,252.60,250.91
20140917,Au9999,245.99,245.32
20130801,Au9999,266.99,264.39
20190909,Au99.99,350.00,348.20
20180330,Au99.99,269.04,270.56
20160506,Au9999,268.00,268.23
20160728,Au9999,283.20,287.71
20110721,Au9999,332.00,333.17
20161130,Au99.99,268.61,267.91
20120326,Au9999,339.80,339.29
20200102,Au99.99,341.95,341.91
20160803,Au9999,290.99,291.90
20110608,Au9999,323.00,321.00
20111108,Au9999,366.00,365.20
20170425,Au99.99,283.60,283.30
20191206,Au99.99,337.68,334.60
20170927,Au99.99,280.10,277.65
20080812,Au9999,190.28,180.00
20120918,Au9999,362.99,357.50
20191125,Au99.99,334.36,330.89
20140515,Au9999,261.50,261.00
20150720,Au9999,229.95,223.52
20091223,Au9999,250.00,251.58
20120618,Au9999,333.50,331.28
20171113,Au99.99,276.90,274.99
20130912,Au9999,272.50,268.09
20130624,Au9999,261.50,260.16
20190313,Au99.99,283.98,284.86
20030219,Au99.99,93,93.43
20160216,Au9999,252.55,251.39
20110822,Au9999,381.48,389.80
20140605,Au9999,251.75,250.40
20110324,Au9999,303.80,304.30
20090713,Au9999,201.00,200.68
20150827,Au9999,235.78,233.17
20170117,Au99.99,270.98,272.18
20090327,Au9999,206.80,204.91
20090923,Au9999,223.00,222.87
20180813,Au99.99,268.30,267.72
20100212,Au9999,237.88,239.73
20170720,Au99.99,272.00,271.29
20151112,Au9999,224.85,223.40
20100709,Au9999,263.50,261.83
20141023,Au9999,245.99,244.85
20191127,Au99.99,331.95,331.50
20140806,Au9999,256.99,256.45
20170125,Au9999,270.49,268.07
20110509,Au9999,315.00,314.92
20200103,Au99.99,342.98,347.30
20191009,Au99.99,349.00,348.39
20170913,Au99.99,279.40,280.67
20190530,Au99.99,287.95,287.10
20140905,Au9999,251.44,250.25
20090115,Au9999,182.51,180.33
20190212,Au99.99,287.75,287.80
20160713,Au9999,292.00,289.42
20090212,Au9999,202.52,206.58
20180402,Au99.99,271.11,270.84
20141124,Au9999,234.00,237.15
20170309,Au99.99,274.60,272.22
20180910,Au99.99,265.76,265.19
20030306,Au99.99,94.97,94.61
20140121,Au9999,247.44,245.80
20200211,Au99.99,354.60,352.43
20150212,Au9999,249.00,245.90
20160318,Au9999,264.00,262.46
20100816,Au9999,265.65,266.86
20140423,Au9999,258.55,257.88
20091231,Au9999,250.00,251.58
20160819,Au9999,288.30,288.20
20190710,Au99.99,311.45,311.14
20170504,Au9999,289.99,276.19
20140326,Au9999,261.20,262.00
20181025,Au99.99,276.45,276.50
20091023,Au9999,232.85,233.00
20160304,Au9999,261.99,264.74
20090512,Au9999,200.03,200.67
20100824,Au9999,269.90,267.52
20090303,Au9999,209.35,203.42
20100602,Au9999,270.90,268.50
20100317,Au9999,246.30,248.30
20160527,Au9999,259.50,258.03
20120521,Au9999,326.50,326.49
20130621,Au9999,266.48,262.47
20101018,Au9999,295.06,290.99
20190304,Au99.99,285.76,280.71
20180413,Au99.99,274.08,272.10
20150603,Au9999,238.08,237.52
20180921,Au99.99,267.45,267.70
20180611,Au99.99,269.12,268.26
20120213,Au9999,351.90,351.59
20140708,Au9999,262.49,263.00
20100211,Au9999,237.70,237.49
20180314,Au9999,271.10,271.12
20090430,Au9999,197.01,197.75
20100604,Au9999,267.50,264.66
20150914,Au9999,231.50,227.99
20100628,Au9999,275.00,273.93
20081015,Au9999,186.00,186.97
20130717,Au9999,260.98,259.20
20101110,Au9999,306.00,300.78
20110518,Au9999,314.00,313.35
20140730,Au9999,260.32,258.40
20160524,Au9999,263.01,262.45
20140604,Au9999,251.19,251.00
20160613,Au9999,265.10,271.75
20111122,Au9999,352.87,346.37
20180327,Au9999,275.80,274.10
20030327,Au99.99,89.25,89.09
20160623,Au9999,267.01,268.90
20091225,Au9999,250.00,251.58
20141021,Au9999,246.69,246.99
20080826,Au9999,181.03,180.88
20090508,Au9999,201.11,200.53
20101203,Au9999,300.45,298.99
20190809,Au99.99,342.00,343.40
20080815,Au9999,182.00,175.50
20091112,Au9999,242.88,246.34
20140514,Au9999,260.00,260.29
20190419,Au99.99,280.20,279.61
20101216,Au9999,300.00,298.19
20170315,Au99.99,272.00,271.51
20181024,Au99.99,277.65,276.21
20100708,Au9999,261.50,263.18
20091113,Au9999,242.88,246.34
20130829,Au9999,284.49,280.00
20150813,Au9999,232.85,231.00
20110719,Au9999,327.70,333.94
20101206,Au9999,304.00,303.09
20110216,Au9999,292.90,292.83
20120716,Au9999,326.99,326.51
20180918,Au99.99,266.88,265.79
20140103,Au9999,242.30,243.80
20110707,Au9999,316.51,319.20
20120111,Au9999,336.80,335.50
20091221,Au9999,245.25,246.00
20100729,Au9999,257.40,255.80
20170531,Au9999,280.35,279.00
20180305,Au99.99,271.98,272.09
20160301,Au9999,258.00,261.12
20140630,Au9999,263.75,261.86
20080821,Au9999,179.25,180.94
20141209,Au9999,237.40,240.38
20190614,Au99.99,301.45,305.04
20081031,Au9999,171.06,164.00
20130918,Au9999,262.00,259.02
20120518,Au9999,317.80,322.77
20171010,Au9999,277.32,276.21
20120924,Au9999,361.00,357.50
20030307,Au99.99,94.9,94.89
20170825,Au9999,277.99,276.80
20130703,Au9999,256.00,252.00
20100428,Au9999,254.00,255.15
20140523,Au9999,260.50,260.01
20021108,Au99.99,85.25,85.16
20180227,Au9999,274.40,272.36
20180109,Au99.99,277.66,277.19
20161024,Au99.99,276.55,276.89
20100917,Au9999,277.00,277.55
20120109,Au9999,322.58,331.04
20120509,Au9999,332.55,324.64
20130527,Au9999,282.00,280.85
20130110,Au9999,333.98,333.70
20090723,Au9999,208.00,209.41
20150709,Au9999,230.50,232.64
20140130,Au9999,247.37,246.37
20151229,Au9999,224.80,224.72
20101130,Au9999,295.30,295.08
20120223,Au9999,356.72,359.92
20090507,Au9999,198.55,200.10
20160927,Au99.99,287.30,287.49
20130114,Au9999,339.96,335.92
20161101,Au99.99,279.40,280.11
20151102,Au9999,235.50,233.30
20130925,Au9999,260.00,262.20
20121009,Au9999,361.00,359.28
20121029,Au9999,345.99,344.43
20140717,Au9999,259.95,260.45
20100330,Au9999,246.00,244.97
20190425,Au99.99,280.00,280.10
20140307,Au9999,262.99,265.27
20110418,Au9999,312.00,312.00
20150121,Au9999,257.90,260.29
20170516,Au9999,276.99,276.70
20140107,Au9999,245.60,245.79
20190904,Au99.99,356.88,356.89
20120418,Au9999,336.90,336.39
20100322,Au9999,247.29,244.20
20120831,Au9999,340.50,339.69
20171124,Au99.99,275.90,275.25
20120810,Au9999,331.39,329.87
20141219,Au9999,241.00,240.93
20190321,Au99.99,285.48,286.50
20100920,Au9999,278.10,277.51
20120803,Au9999,329.50,326.99
20090925,Au9999,223.50,218.86
20190717,Au99.99,315.80,313.75
20131226,Au9999,239.38,239.29
20190121,Au99.99,284.00,282.18
20180529,Au99.99,268.58,268.40
20080828,Au9999,183.40,183.78
20110620,Au9999,321.30,320.67
20121206,Au9999,341.00,338.99
20120130,Au9999,355.00,351.01
20190930,Au99.99,343.33,344.49
20191210,Au99.99,334.49,333.43
20101124,Au9999,294.57,296.50
20160429,Au9999,260.00,266.32
20120612,Au9999,328.00,326.35
20081008,Au9999,194.50,196.28
20150617,Au9999,236.80,235.60
20130913,Au9999,268.09,262.78
20100728,Au9999,260.00,255.80
20140124,Au9999,245.00,246.89
20190103,Au99.99,285.89,287.31
20110304,Au9999,300.50,299.72
20110429,Au9999,320.20,320.17
20111025,Au9999,343.00,341.50
20170629,Au99.99,277.08,275.03
20180612,Au99.99,269.08,268.11
20090615,Au9999,206.70,205.89
20090731,Au9999,205.00,206.26
20090812,Au9999,208.40,207.91
20160829,Au9999,285.20,283.50
20021106,Au99.99,84.9,84.9
20030415,Au99.99,86.89,86.65
20141107,Au9999,225.38,225.30
20130805,Au9999,263.97,263.50
20101021,Au9999,291.30,287.65
20111107,Au9999,363.00,361.65
20130923,Au9999,262.99,263.39
20111018,Au9999,348.29,343.62
20130425,Au9999,291.80,293.20
20110525,Au9999,318.05,318.89
20100915,Au9999,275.00,276.00
20090120,Au9999,184.02,182.95
20170418,Au99.99,289.99,286.13
20171201,Au99.99,274.90,272.83
20140513,Au9999,260.80,259.49
20100910,Au9999,275.00,272.30
20150113,Au9999,245.50,247.38
20030414,Au99.99,87.4,87.3
20190524,Au99.99,288.48,288.54
20101028,Au9999,287.80,286.43
20030214,Au99.99,96.58,96.46
20161020,Au99.99,276.98,276.00
20160222,Au9999,257.99,254.86
20130130,Au9999,335.40,336.00
20131120,Au9999,252.38,251.21
20170111,Au99.99,268.88,269.09
20121217,Au9999,340.40,339.50
20100830,Au9999,271.00,270.96
20151214,Au9999,222.00,224.06
20180403,Au99.99,271.85,272.44
20140228,Au9999,262.94,262.73
20110325,Au9999,304.40,303.98
20200325,Au99.99,363.00,362.98
20100223,Au9999,247.80,245.29
20131025,Au9999,266.00,262.86
20101104,Au9999,292.99,292.59
20150601,Au9999,237.88,236.79
20030212,Au99.99,97.11,97.2
20180823,Au99.99,264.30,264.26
20120723,Au9999,325.99,324.00
20130802,Au9999,265.74,258.27
20090608,Au9999,210.61,209.50
20080912,Au9999,168.00,167.87
20140127,Au9999,248.50,247.78
20100504,Au9999,258.68,258.13
20090916,Au9999,218.75,223.41
20160630,Au9999,282.99,281.50
20170823,Au9999,277.52,277.00
20090428,Au9999,200.00,197.20
20181127,Au99.99,275.00,274.19
20081225,Au9999,184.80,186.60
20190726,Au99.99,319.97,316.84
20130411,Au9999,316.99,311.87
20140912,Au9999,247.19,245.21
20180821,Au99.99,263.30,264.51
20191213,Au99.99,335.00,331.75
20091217,Au9999,249.09,248.95
20171115,Au99.99,274.49,275.05
20160225,Au9999,259.00,260.32
20160309,Au9999,266.75,263.75
20191011,Au99.99,347.68,344.56
20141010,Au9999,243.99,241.75
20160726,Au9999,284.99,283.97
20131122,Au9999,247.38,245.67
20160322,Au9999,260.44,262.10
20110706,Au9999,315.00,316.51
20181017,Au99.99,275.25,273.74
20111116,Au9999,363.48,362.17
20141015,Au9999,243.99,242.12
20161212,Au99.99,265.26,265.00
20190225,Au99.99,288.91,288.33
20090626,Au9999,206.00,207.81
20090119,Au9999,184.20,185.20
20180418,Au99.99,273.57,273.04
20110215,Au9999,290.28,290.95
20170126,Au9999,268.99,266.25
20200327,Au99.99,367.00,365.45
20190625,Au99.99,315.99,319.91
20160617,Au9999,276.01,272.70
20180208,Au99.99,270.32,269.30
20021119,Au99.99,84.85,85.22
20110425,Au9999,319.20,318.90
20140919,Au9999,242.00,242.01
20191111,Au99.99,335.00,330.93
20180307,Au99.99,272.70,272.30
20170324,Au99.99,278.40,277.88
20110725,Au9999,333.90,335.50
20190507,Au99.99,282.07,281.75
20161013,Au9999,273.10,273.21
20100204,Au9999,247.56,243.80
20120727,Au9999,331.49,331.93
20030127,Au99.99,98.5,98.1
20150504,Au9999,238.00,236.97
20170815,Au99.99,277.00,274.70
20140402,Au9999,256.40,256.25
20170814,Au99.99,277.48,276.60
20151130,Au9999,220.58,218.02
20190124,Au99.99,283.49,282.60
20150312,Au9999,234.50,235.79
20100326,Au9999,242.00,243.20
20110728,Au9999,336.50,334.84
20160517,Au9999,269.34,267.89
20101201,Au9999,297.20,299.60
20110201,Au9999,286.00,285.95
20190702,Au99.99,306.80,309.77
20190604,Au99.99,295.49,297.59
20121226,Au9999,336.00,333.27
20150616,Au9999,236.70,237.30
20181220,Au99.99,279.00,278.99
20150824,Au9999,238.00,239.58
20171218,Au9999,270.30,269.90
20170623,Au9999,277.47,277.78
20090603,Au9999,215.48,216.40
20100623,Au9999,272.00,272.30
20160525,Au9999,262.45,258.45
20090724,Au9999,209.00,208.55
20021230,Au99.99,93.8,93.86
20110629,Au9999,315.00,314.61
20180713,Au99.99,268.80,267.80
20090416,Au9999,196.68,196.59
20081105,Au9999,167.99,167.50
20141125,Au9999,236.60,237.00
20100210,Au9999,236.55,237.47
20170523,Au99.99,280.00,281.40
20120113,Au9999,340.00,337.51
20120710,Au9999,326.99,325.49
20190219,Au99.99,290.80,290.67
20140324,Au9999,265.30,263.89
20030110,Au99.99,94.38,94.2
20120625,Au9999,328.53,323.14
20131106,Au9999,259.85,258.11
20090225,Au9999,218.00,210.40
20190130,Au99.99,286.70,286.72
20090612,Au9999,208.99,209.39
20170222,Au99.99,274.86,275.60
20130221,Au9999,326.00,319.04
20090320,Au9999,208.00,210.00
20180302,Au9999,270.49,270.90
20130314,Au9999,320.90,319.41
20090323,Au9999,210.00,210.32
20150722,Au9999,221.52,218.90
20130415,Au9999,305.00,289.90
20150921,Au9999,232.12,234.00
20141201,Au9999,235.00,228.84
20120809,Au9999,330.80,331.07
20141017,Au9999,245.66,244.89
20100430,Au9999,256.24,257.26
20081209,Au9999,172.70,173.61
20140613,Au9999,253.47,254.35
20190618,Au99.99,301.50,303.60
20090703,Au9999,205.55,205.75
20101209,Au9999,299.00,298.52
20140212,Au9999,251.50,252.06
20160411,Au9999,257.49,260.97
20181204,Au99.99,275.60,274.06
20180228,Au9999,272.30,270.30
20110614,Au9999,321.90,317.96
20160412,Au9999,,261.30
20120208,Au9999,351.74,355.30
20081215,Au9999,180.10,182.01
20110209,Au9999,290.99,290.00
20120730,Au9999,332.49,331.75
20080818,Au9999,178.00,178.06
20101213,Au9999,299.37,299.50
20030404,Au99.99,87.5,86.81
20150615,Au9999,236.55,236.70
20120423,Au9999,335.80,333.30
20021128,Au99.99,85.55,85.53
20160809,Au9999,286.42,289.00
20150521,Au9999,242.10,241.79
20161103,Au99.99,283.49,283.73
20090715,Au9999,203.00,204.14
20191204,Au99.99,333.85,339.22
20090424,Au9999,196.80,200.29
20150724,Au9999,220.99,217.19
20140421,Au9999,259.79,257.66
20141126,Au9999,237.98,237.39
20130716,Au9999,259.70,259.10
20030409,Au99.99,86.41,86.86
20100819,Au9999,267.2,268.79
20110516,Au9999,317.00,314.02
20021218,Au99.99,90.15,90.15
20131113,Au9999,252.99,250.98
20150407,Au9999,241.00,241.41
20200113,Au99.99,347.45,345.70
20120820,Au9999,332.00,331.93
20120417,Au9999,338.00,335.55
20181115,Au99.99,270.45,272.09
20151030,Au9999,238.49,233.91
20171208,Au9999,269.80,267.79
20110117,Au9999,295.79,293.39
20170922,Au9999,277.00,277.30
20091117,Au9999,248.00,249.39
20170816,Au99.99,275.22,274.50
20180829,Au99.99,266.60,265.69
20081226,Au9999,186.90,187.20
20111130,Au9999,352.95,351.77
20110302,Au9999,300.60,302.27
20100324,Au9999,243.50,243.50
20100705,Au9999,272.50,264.71
20100201,Au9999,239.39,239.61
20091111,Au9999,244.99,243.00
20130227,Au9999,326.49,326.71
20120517,Au9999,316.00,316.98
20101228,Au9999,299.00,299.00
20191107,Au99.99,337.00,335.84
20110428,Au9999,317.45,320.17
20100820,Au9999,269.50,268.82
20150612,Au9999,236.38,236.41
20170320,Au99.99,275.62,277.07
20160629,Au9999,281.67,283.00
20190725,Au99.99,319.00,317.67
20150120,Au9999,256.75,255.99
20100423,Au9999,254.00,251.00
20150105,Au9999,240.60,240.60
20200313,Au99.99,369.00,356.02
20180115,Au9999,279.21,279.54
20090911,Au9999,217.05,219.70
20121120,Au9999,347.20,347.67
20141030,Au9999,242.25,237.41
20191028,Au99.99,345.75,343.64
20150825,Au9999,239.60,237.86
20150129,Au9999,260.78,257.50
20180504,Au99.99,270.53,269.48
20111101,Au9999,352.95,351.27
20110928,Au9999,345.00,343.25
20171128,Au99.99,275.95,275.70
20130327,Au9999,321.05,319.25
20150522,Au9999,241.60,241.74
20121203,Au9999,346.02,344.24
20180507,Au99.99,270.62,269.99
20141230,Au9999,239.85,237.42
20190102,Au99.99,283.98,285.80
20131107,Au9999,266.50,259.01
20150727,Au9999,216.60,221.38
20100607,Au9999,267.00,267.21
20101008,Au9999,287,285.8
20120531,Au9999,319.90,321.75
20021209,Au99.99,86.69,86.55
20080903,Au99.99,175.03,176.30
20160707,Au9999,295.99,294.25
20150902,Au9999,234.65,234.90
20171226,Au99.99,272.49,271.92
20091120,Au9999,250.00,251.95
20191017,Au99.99,343.00,341.47
20200123,Au99.99,346.00,347.88
20150422,Au9999,240.20,240.00
20160520,Au9999,264.00,264.51
20101115,Au9999,298.00,295.20
20100714,Au9999,264.18,264.54
20200115,Au99.99,343.98,344.97
20160607,Au9999,263.00,262.90
20141027,Au9999,242.90,242.22
20190829,Au99.99,360.00,358.90
20111202,Au9999,358.50,357.59
20140718,Au9999,260.99,261.69
20140110,Au9999,243.00,243.00
20110920,Au9999,377.40,370.63
20120131,Au9999,350.90,354.16
20170914,Au99.99,281.98,279.80
20190712,Au99.99,316.99,314.60
20030210,Au99.99,98.5,99.07
20100226,Au9999,240.95,243.54
20130408,Au9999,318.99,316.69
20141013,Au9999,242.45,243.64
20080923,Au9999,193.00,193.98
20140807,Au9999,256.80,258.71
20131217,Au9999,243.58,245.55
20080829,Au9999,185.00,183.98
20090515,Au9999,202.25,203.18
20190301,Au99.99,288.20,284.49
20180710,Au99.99,270.00,268.25
20141223,Au9999,240.99,236.95
20180709,Au99.99,269.90,269.10
20121025,Au9999,349.00,345.00
20170626,Au99.99,278.29,277.90
20150710,Au9999,232.64,232.77
20150608,Au9999,235.00,234.70
20090304,Au9999,203.50,201.48
20130603,Au9999,277.00,277.64
20181224,Au99.99,281.28,281.76
20111219,Au9999,330.00,327.72
20131129,Au9999,245.85,244.71
20120814,Au9999,332.86,331.25
20181221,Au99.99,280.80,280.96
20100427,Au9999,255.20,253.49
20150820,Au9999,231.99,234.70
20130416,Au9999,289.90,274.76
20161123,Au99.99,273.70,273.00
20190628,Au99.99,312.10,314.43
20100723,Au9999,260.50,261.73
20130819,Au9999,273.20,273.59
20190122,Au99.99,282.60,282.82
20190730,Au99.99,320.00,318.47
20140506,Au9999,263.65,262.98
20090518,Au9999,204.00,204.62
20150731,Au9999,218.00,216.87
20130320,Au9999,322.00,322.93
20110624,Au9999,321.00,317.88
20121119,Au9999,347.00,346.19
20090811,Au9999,209.01,209.00
20131230,Au9999,240.30,238.77
20140801,Au9999,257.80,255.65
20110804,Au9999,345.30,344.80
20140903,Au9999,251.99,251.25
20170824,Au9999,278.22,277.08
20100528,Au9999,267.00,266.64
20180511,Au99.99,270.40,270.79
20120711,Au9999,327.00,324.54
20180301,Au9999,271.49,269.78
20110131,Au9999,287.20,285.70
20030311,Au99.99,94.8,94.26
20120912,Au9999,354.94,354.00
20111216,Au9999,328.00,329.42
20120523,Au9999,324.49,318.95
20150806,Au9999,218.00,217.59
20130226,Au9999,324.40,323.99
20130605,Au9999,279.99,278.50
20150529,Au9999,237.95,237.59
20161129,Au99.99,270.68,268.69
20161208,Au99.99,265.00,268.49
20110923,Au9999,368.00,360.00
20120823,Au9999,336.00,340.65
20130104,Au9999,334.99,331.47
20150525,Au9999,242.15,240.50
20030305,Au99.99,95,94.93
20141121,Au9999,234.99,235.41
20140710,Au9999,263.51,264.79
20130118,Au9999,338.94,339.21
20190410,Au99.99,284.70,285.10
20180814,Au99.99,267.72,265.51
20130206,Au9999,337.39,337.16
20101101,Au9999,292.00,293.07
20130625,Au9999,260.16,258.91
20200109,Au99.99,355.55,345.84
20090211,Au9999,198.70,200.72
20150112,Au9999,243.59,245.80
20130516,Au9999,285.60,280.94
20021205,Au99.99,86,85.95
20081111,Au9999,169.00,167.18
20120905,Au9999,346.35,345.85
20130401,Au9999,321.00,319.87
20170727,Au9999,273.00,274.60
20110819,Au9999,374.00,381.48
20091009,Au9999,231.00,229.00
20110905,Au9999,388.60,387.59
20181030,Au99.99,277.30,275.80
20200311,Au99.99,368.88,370.00
20170904,Au9999,280.48,282.04
20161012,Au9999,273.10,272.65
20131023,Au9999,262.98,262.49
20180116,Au9999,280.00,278.80
20120528,Au9999,324.00,323.99
20160106,Au9999,227.99,228.09
20160909,Au9999,289.69,287.70
20131022,Au9999,261.50,259.50
20130628,Au9999,250.07,243.50
20130402,Au9999,321.00,320.18
20081007,Au9999,188.00,191.30
20161205,Au99.99,265.10,265.00
20110720,Au9999,330.80,330.39
20100809,Au9999,263.00,263.50
20170622,Au9999,276.22,277.47
20170831,Au99.99,279.50,277.91
20150309,Au9999,243.00,237.40
20140410,Au9999,260.50,263.00
20161019,Au99.99,274.97,274.61
20181023,Au99.99,274.95,276.32
20150119,Au9999,253.00,255.80
20140812,Au9999,259.20,260.00
20110328,Au9999,305.60,300.39
20021115,Au99.99,85,85
20190307,Au99.99,281.25,280.00
20111117,Au9999,364.00,361.10
20090728,Au9999,210.20,209.86
20161128,Au99.99,269.99,270.59
20030107,Au99.99,93.75,93.67
20140120,Au9999,245.40,246.82
20021213,Au99.99,87.84,87.9
20140415,Au9999,264.85,262.18
20160408,Au9999,257.00,257.30
20180720,Au99.99,266.37,267.48
20120821,Au9999,330.70,332.40
20160906,Au9999,286.25,286.30
20160824,Au9999,287.90,286.70
20030117,Au99.99,95.5,95.58
20190515,Au99.99,289.50,287.59
20111019,Au9999,343.62,340.80
20110713,Au9999,322.00,326.81
20130522,Au9999,282.64,281.56
20160201,Au9999,235.85,238.09
20100609,Au9999,274.00,271.35
20151222,Au9999,224.00,225.19
20170721,Au99.99,272.80,273.19
20120522,Au9999,326.49,324.49
20111201,Au9999,353.38,357.68
20130911,Au9999,273.80,272.38
20170124,Au99.99,270.48,269.85
20090604,Au9999,214.99,213.00
20101123,Au9999,294.00,294.57
20190215,Au99.99,286.70,288.41
20170510,Au9999,275.24,273.89
20160428,Au9999,256.29,261.5
20160223,Au9999,253.01,256.15
20090414,Au9999,197.50,197.59
20100531,Au9999,266.98,266.01
20190218,Au99.99,289.00,289.98
20120816,Au9999,329.80,329.25
20180712,Au99.99,269.40,267.99
20170705,Au99.99,271.50,270.02
20101015,Au9999,296.00,295.06
20181112,Au99.99,275.00,271.25
20170717,Au99.99,268.98,270.30
20081013,Au9999,197.50,189.67
20110225,Au9999,299.85,298.32
20090213,Au9999,207.00,206.80
20140403,Au9999,256.25,257.06
20110217,Au9999,293.00,293.40
20030304,Au99.99,93.88,93.95
20080924,Au9999,195.60,194.40
20160406,Au9999,256.98,255.99
20030121,Au99.99,96,96.27
20141016,Au9999,244.00,244.41
20131210,Au9999,245.00,244.96
20110823,Au9999,385.00,387.86
20190701,Au99.99,313.66,307.60
20150811,Au9999,220.49,224.99
20100622,Au9999,276.09,271.54
20091207,Au9999,252.00,255.90
20191112,Au99.99,333.00,327.82
20120229,Au9999,362.00,361.96
20170606,Au99.99,278.00,283.20
20180608,Au99.99,268.90,268.13
20191016,Au99.99,335.00,340.14
20151116,Au9999,224.35,225.50
20110106,Au9999,298.50,298.57
20110426,Au9999,320.00,316.07
20150602,Au9999,237.39,237.4
20190819,Au99.99,345.70,344.28
20180316,Au99.99,271.04,270.21
20130111,Au9999,334.45,335.93
20120607,Au9999,335.90,332.46
20181212,Au99.99,278.09,277.45
20120504,Au9999,335.00,332.84
20140129,Au9999,246.98,245.94
20180907,Au99.99,265.80,265.22
20120913,Au9999,354.99,352.99
20151022,Au9999,240.99,239.03
20160401,Au9999,256.77,257.00
20141215,Au9999,243.01,243.10
20171127,Au99.99,274.55,275.34
20090122,Au9999,188.80,187.80
20120606,Au9999,333.50,333.50
20131105,Au9999,261.85,258.75
20150311,Au9999,235.60,235.30
20120330,Au9999,340.00,339.04
20161010,Au9999,284.95,273.32
20140703,Au9999,264.48,263.71
20090924,Au9999,222.60,222.78
20191014,Au99.99,344.56,339.84
20030326,Au99.99,89.35,88.75
20151015,Au9999,239.81,241.40
20090820,Au9999,206.50,208.29
20110830,Au9999,375.50,371.05
20090907,Au9999,217.85,218.40
20190722,Au99.99,329.99,318.45
20160120,Au9999,230.70,232.30
20100315,Au9999,243.60,243.64
20180806,Au99.99,269.00,267.60
20021118,Au99.99,85.26,85.28
20021113,Au99.99,85.7,85.99
20170613,Au9999,279.75,278.35
20120206,Au9999,356.99,351.95
20131112,Au9999,254.58,251.96
20100818,Au9999,268.00,266.80
20121010,Au9999,359.20,357.79
20140704,Au9999,263.51,263.93
20091106,Au9999,239.00,239.40
20091119,Au9999,251.88,251.43
20180912,Au99.99,266.00,265.20
20170614,Au9999,279.60,279.30
20180306,Au99.99,272.50,271.15
20191224,Au99.99,337.00,336.96
20130419,Au9999,277.96,285.50
20180424,Au99.99,271.52,271.09
20180702,Au99.99,267.95,267.42
20120611,Au9999,330.00,328.00
20141202,Au9999,231.58,238.86
20160922,Au9999,285.20,286.85
20160531,Au9999,256.79,256.90
20160420,Au9999,259.80,260.00
20100621,Au9999,276.99,276.09
20181022,Au99.99,275.00,274.70
20091019,Au9999,231.00,232.00
20090410,Au9999,194.00,194.75
20150814,Au9999,231.80,230.60
20111212,Au9999,354.50,346.34
20181227,Au99.99,284.21,282.87
20191120,Au99.99,333.88,333.60
20150417,Au9999,240.39,240.00
20190131,Au99.99,286.55,286.70
20150402,Au9999,236.50,240.30
20190816,Au99.99,351.70,345.70
20160817,Au9999,289.20,286.79
20120726,Au9999,329.00,329.47
20161114,Au99.99,278.35,271.99
20161011,Au9999,273.12,273.35
20110610,Au9999,321.10,321.73
20120216,Au9999,351.80,349.98
20090831,Au9999,210.50,209.85
20090319,Au9999,200.00,204.85
20160504,Au9999,275.00,268.35
20190731,Au99.99,318.66,319.94
20180626,Au99.99,269.00,267.20
20131028,Au9999,262.99,264.13
20180622,Au99.99,266.21,266.68
20140822,Au9999,253.99,253.91
20091125,Au9999,260.03,255.59
20081204,Au9999,173.54,171.56
20140226,Au9999,263.00,265.22
20091020,Au9999,231.10,234.39
20131209,Au9999,242.75,243.99
20170829,Au99.99,278.88,281.17
20151009,Au9999,235.00,234.77
20190822,Au99.99,345.00,343.80
20140122,Au9999,245.80,243.87
20200206,Au99.99,351.70,349.39
20090717,Au9999,205.5,205.91
20140828,Au9999,256.00,255.15
20120801,Au9999,333.00,331.51
20181012,Au99.99,269.45,271.35
20030410,Au99.99,87.45,87.41
20091214,Au9999,245.01,248.21
20200214,Au99.99,354.80,353.79
20140311,Au9999,262.72,264.51
20140626,Au9999,263.50,262.78
20080916,Au9999,172.00,171.45
20111026,Au9999,342.00,352.50
20150715,Au9999,231.99,231.29
20130723,Au9999,264.59,267.17
20160912,Au9999,288.58,286.39
20021127,Au99.99,85.4,85.52
20190627,Au99.99,315.00,313.89
20160316,Au9999,258.65,259.09
20100902,Au9999,275.00,273.28
20200107,Au99.99,356.00,351.35
20191106,Au99.99,343.00,336.05
20110908,Au9999,379.49,380.90
20131212,Au9999,247.85,246.00
20160715,Au9999,286.99,287.04
20110622,Au9999,321.50,321.78
20021211,Au99.99,86.55,86.32
20150610,Au9999,236.46,236.85
20130607,Au9999,279.99,281.09
20110808,Au9999,349.50,352.64
20130626,Au9999,259.10,251.59
20180725,Au99.99,269.50,268.00
20110803,Au9999,339.00,345.88
20090313,Au9999,200.00,203.37
20121113,Au9999,349.78,346.01
20160711,Au9999,292.28,293.00
20140521,Au9999,259.85,259.85
20140814,Au9999,259.61,260.39
20021225,Au99.99,93.2,93.05
20180803,Au99.99,269.00,267.81
20170314,Au99.99,271.00,271.30
20021210,Au99.99,86.6,86.6
20110112,Au9999,300.50,299.22
20150203,Au9999,258.98,258.26
20161216,Au99.99,262.60,262.11
20130204,Au9999,336.59,336.74
20110519,Au9999,314.50,313.70
20130123,Au9999,340.40,339.80
20091012,Au9999,229.00,229.92
20181019,Au99.99,274.49,274.20
20151225,Au9999,224.73,225.14
20170417,Au99.99,287.45,286.90
20110809,Au9999,353.00,360.87
20150401,Au9999,237.50,236.69
20170714,Au9999,269.80,267.79
20100715,Au9999,264.54,264.03
20030124,Au99.99,98.3,97.98
20090417,Au9999,196.59,192.66
20140619,Au9999,254.95,255.98
20120301,Au9999,362.50,348.00
20101210,Au9999,298.80,299.37
20091210,Au9999,247.85,251.00
20081212,Au9999,183.26,178.49
20181217,Au99.99,277.50,276.80
20100409,Au9999,253.41,253.87
20100726,Au9999,261.73,261.20
20030102,Au99.99,93,92.87
20150925,Au9999,234.98,235.24
20180411,Au99.99,272.76,272.90
20180105,Au9999,275.99,276.26
20171214,Au99.99,267.79,270.00
20170719,Au99.99,271.49,271.35
20120615,Au9999,334.00,333.48
20190902,Au99.99,356.00,352.99
20161104,Au99.99,281.50,282.94
20021031,Au9999,83.9,83.91
20160811,Au9999,289.59,287.84
20191105,Au99.99,345.00,340.99
20180604,Au99.99,270.00,267.94
20120508,Au9999,333.80,332.55
20140509,Au9999,259.05,259.16
20190815,Au99.99,347.00,344.60
20030314,Au99.99,91.2,90.24
20090904,Au9999,215.90,217.34
20130220,Au9999,327.99,326.00
20120409,Au9999,336.00,335.40
20090928,Au9999,219.30,217.43
20101022,Au9999,289.00,283.95
20121207,Au9999,339.00,341.40
20150327,Au9999,241.04,240.50
20190527,Au99.99,288.75,288.37
20160930,Au99.99,284.99,284.95
20190912,Au99.99,347.00,344.80
20091124,Au9999,255.85,255.50
20150624,Au9999,236.99,235.00
20171228,Au99.99,272.99,273.50
20140529,Au9999,255.00,252.07
20100119,Au9999,252.50,252.35
20120907,Au9999,349.00,346.10
20190612,Au99.99,298.00,299.61
20170811,Au9999,276.00,276.72
20170110,Au9999,265.89,268.11
20170407,Au99.99,280.35,282.93
20120815,Au9999,329.10,328.13
20161115,Au99.99,272.75,273.69
20021227,Au99.99,93.8,93.61
20180117,Au9999,278.18,277.65
20161209,Au99.99,268.30,266.49
20130924,Au9999,263.39,262.45
20081222,Au9999,186.00,186.01
20140109,Au9999,242.96,241.82
20170718,Au99.99,271.48,270.85
20150116,Au9999,249.63,252.00
20121024,Au9999,346.43,344.69
20191122,Au99.99,334.68,333.90
20160107,Au9999,229.50,233.24
20090514,Au9999,202.10,202.19
20090107,Au9999,186.57,189.77
20130207,Au9999,337.99,337.30
20170213,Au99.99,273.97,274.64
20170907,Au99.99,282.98,281.39
20030218,Au99.99,94,94.07
20110615,Au9999,317.01,318.50
20100304,Au9999,250.86,248.90
20191022,Au99.99,342.50,340.16
20030318,Au99.99,91.03,91.1
20110510,Au9999,316.49,316.00
20140707,Au9999,264.50,261.70
20130325,Au9999,322.00,322.15
20130814,Au9999,269.50,264.75
20100907,Au9999,275.00,273.44
20100929,Au9999,279.00,281.95
20131211,Au9999,245.96,246.71
20090420,Au9999,191.00,191.91
20170207,Au99.99,272.20,274.16
20140805,Au9999,257.80,256.81
20110114,Au9999,299.50,295.79
20120927,Au9999,356.00,356.19
20170224,Au99.99,276.59,279.63
20121107,Au9999,343.78,347.18
20101129,Au9999,295.00,294.70
20160314,Au9999,264.97,262.08
20130513,Au9999,296.17,293.64
20111011,Au9999,344.50,346.79
20081110,Au9999,168.33,167.90
20180704,Au99.99,268.60,268.40
20160321,Au9999,262.58,259.71
20131016,Au9999,252.90,255.01
20140901,Au9999,255.49,255.14
20091110,Au9999,242.35,241.54
20130508,Au9999,294.00,294.52
20170822,Au9999,277.51,276.67
20140618,Au9999,253.49,254.38
20140507,Au9999,263.30,262.80
20190605,Au99.99,297.59,298.97
20160831,Au9999,284.99,283.19
20150324,Au9999,237.00,237.73
20120120,Au9999,339.30,338.87
20130509,Au9999,296.80,296.79
20120822,Au9999,334.38,335.74
20161026,Au99.99,277.33,278.77
20110913,Au9999,379.00,377.50
20180502,Au99.99,270.30,269.84
20150826,Au9999,238.49,235.78
20101220,Au9999,299.00,299.55
20131218,Au9999,245.55,243.06
20110530,Au9999,321.00,320.29
20090616,Au9999,207.20,206.29
20130812,Au9999,263.00,266.76
20110421,Au9999,316.90,315.80
20180102,Au9999,274.00,275.30
20160928,Au99.99,287.65,284.91
20100517,Au9999,273.00,271.83
20080819,Au9999,178.06,174.00
20190201,Au99.99,287.15,287.42
20100202,Au9999,240.80,244.10
20130906,Au9999,277.49,273.28
20160204,Au9999,239.15,241.80
20191218,Au99.99,334.95,334.25
20161230,Au99.99,262.84,263.90
20140217,Au9999,258.00,259.85
20190426,Au99.99,280.88,281.00
20140414,Au9999,262.88,264.85
20170208,Au99.99,274.20,274.35
20021204,Au99.99,86,85.95
20150204,Au9999,259.49,254.70
20130315,Au9999,319.69,320.08
20171221,Au9999,271.50,270.15
20150122,Au9999,260.97,257.28
20110412,Au9999,310.55,307.50
20150210,Au9999,249.99,250.28
20090306,Au9999,201.80,207.30
20100113,Au9999,250.00,251.58
20081230,Au9999,193.50,192.69
20150130,Au9999,257.00,253.19
20171025,Au99.99,275.00,273.89
20200207,Au99.99,353.00,351.81
20160926,Au9999,287.97,287.12
20190813,Au99.99,345.88,350.00
20200310,Au99.99,373.46,367.01
20091105,Au9999,239.00,238.44
20110329,Au9999,300.50,300.83
20170316,Au99.99,271.40,275.89
20180119,Au9999,276.99,275.60
20021206,Au99.99,85.95,86.23
20140616,Au9999,253.00,256.79
20130826,Au9999,273.19,277.69
20170901,Au99.99,278.65,279.54
20100512,Au9999,269.00,270.63
20150325,Au9999,238.95,238.19
20030113,Au99.99,94.3,94.4
20160622,Au9999,269.00,268.56
20090105,Au9999,193.00,192.02
20111021,Au9999,336.00,336.74
20160311,Au9999,262.99,264.97
20130822,Au9999,272.80,271.79
20110318,Au9999,298.70,300.84
20090106,Au9999,189.00,187.67
20200303,Au99.99,362.50,358.64
20180223,Au9999,272.45,271.96
20170104,Au99.99,263.99,264.87
20100913,Au9999,275.00,272.39
20121016,Au9999,354.99,351.64
20110907,Au9999,392.00,379.49
20090224,Au9999,216.56,217.15
20140923,Au9999,241.48,240.90
20140325,Au9999,263.90,261.20
20170926,Au99.99,276.50,280.10
20090827,Au9999,209.00,208.60
20030324,Au99.99,88.6,89.28
20181128,Au99.99,275.20,272.90
20181206,Au99.99,274.69,275.30
20140430,Au9999,260.30,260.26
20191030,Au99.99,340.35,339.80
20100407,Au9999,247.40,249.80
20191018,Au99.99,341.47,340.36
20111014,Au9999,347.00,345.61
20130520,Au9999,275.00,276.44
20100209,Au9999,237.04,236.55
20160302,Au9999,262.45,258.66
20111129,Au9999,353.39,352.04
20180417,Au99.99,273.40,273.50
20120222,Au9999,353.80,356.72
20150901,Au9999,234.49,234.60
20090818,Au9999,207.30,207.39
20150115,Au9999,247.50,245.01
20150424,Au9999,237.32,238.80
20140408,Au9999,257.64,261.00
20150930,Au9999,231.99,230.50
20121018,Au9999,354.70,352.00
20170601,Au9999,279.70,278.99
20130305,Au9999,321.00,320.56
20120717,Au9999,327.49,327.19
20190514,Au99.99,286.12,288.70
20090525,Au9999,209.5,209.05
20090803,Au9999,208.50,209.40
20100120,Au9999,252.35,251.00
20120209,Au9999,355.80,353.30
20190529,Au99.99,287.51,288.69
20140911,Au9999,247.95,247.19
20130531,Au9999,282.80,281.50
20180524,Au99.99,268.80,267.65
20171117,Au99.99,275.18,274.85
20171211,Au99.99,269.00,268.28
20090218,Au9999,212.00,213.65
20120427,Au9999,336.98,336.09
20141111,Au9999,230.09,227.79
20170307,Au99.99,276.50,275.37
20090721,Au9999,208.50,208.20
20170105,Au99.99,265.98,264.73
20120406,Au9999,332.60,334.28
20111208,Au9999,354.60,356.29
20131009,Au9999,264.95,262.10
20130530,Au9999,278.00,280.85
20110422,Au9999,318.00,317.48
20110125,Au9999,295.00,287.30
20141218,Au9999,240.49,240.35
20090113,Au99.99,186.90,181.81
20120824,Au9999,342.00,340.27
20170915,Au99.99,280.20,280.20
20090521,Au9999,203.50,207.00
20160718,Au9999,287.99,286.29
20140527,Au9999,259.70,258.29
20030221,Au99.99,95.5,95.19
20030128,Au99.99,98.12,97.24
20191203,Au99.99,331.40,333.00
20190508,Au99.99,280.71,282.65
20170508,Au9999,280.50,275.50
20170331,Au9999,278.48,277.81
20151106,Au9999,227.79,227.31
20090311,Au9999,201.01,198.04
20021114,Au99.99,84.62,84.97
20170929,Au99.99,277.49,277.45
20091118,Au9999,250.00,250.28
20141127,Au9999,237.50,236.42
20160606,Au9999,257.39,262.49
20170413,Au99.99,285.58,286.69
20090814,Au9999,210.88,210.15
20190222,Au99.99,291.49,288.91
20100721,Au9999,260.00,260.00
20190718,Au99.99,314.45,316.55
20140305,Au9999,263.50,263.08
20180104,Au9999,277.16,275.19
20130107,Au9999,333.50,333.50
20180108,Au99.99,277.50,276.60
20121112,Au9999,350.00,348.24
20150319,Au9999,231.50,234.49
20170713,Au9999,268.91,269.10
20120725,Au9999,326.00,326.57
20120419,Au9999,336.39,334.81
20130328,Au9999,321.20,321.11
20110811,Au9999,364.00,368.20
20121008,Au9999,362.00,358.30
20171018,Au99.99,277.50,275.70
20111205,Au9999,360.00,357.50
20140826,Au9999,253.79,255.77
20150227,Au9999,245.80,244.83
20160419,Au9999,258.99,259.90
20160825,Au9999,287.29,284.89
20160830,Au9999,283.90,283.99
20190918,Au99.99,345.28,344.84
20160415,Au9999,258.99,256.95
20110623,Au9999,322.50,321.50
20090729,Au9999,209.00,205.81
20160621,Au9999,272.00,271.64
20150304,Au9999,245.97,244.18
20120202,Au9999,355.00,355.10
20160219,Au9999,253.49,256.65
20191119,Au99.99,333.00,332.45
20170120,Au99.99,268.99,269.05
20130109,Au9999,332.34,333.98
20170921,Au9999,279.39,276.45
20160526,Au9999,259.00,259.85
20100525,Au9999,261.89,261.29
20140505,Au9999,260.59,262.84
20090727,Au9999,208.60,210.06
20190611,Au99.99,299.50,297.00
20181114,Au99.99,270.60,270.13
20180820,Au99.99,262.35,263.18
20180226,Au9999,273.35,273.60
20180521,Au99.99,265.85,265.32
20081107,Au9999,167.50,165.52
20110512,Au9999,318.00,312.53
20100412,Au9999,254.40,255.69
20101112,Au9999,302.48,298.99
20120514,Au9999,325.00,322.00
20120627,Au9999,325.50,322.30
20090330,Au9999,204.91,203.69
20170518,Au9999,280.00,279.82
20170308,Au99.99,275.90,273.79
20140422,Au9999,257.97,258.55
20110817,Au9999,366.41,368.00
20090326,Au9999,203.50,205.47
20090123,Au9999,187.00,188.49
20101019,Au9999,293.00,292.62
20091209,Au9999,251.00,248.59
20140623,Au9999,263.50,263.68
20171011,Au9999,277.80,275.10
20140610,Au9999,252.40,251.60
20150623,Au9999,237.60,237.32
20110722,Au9999,333.71,329.70
20100630,Au9999,272.33,271.44
20120503,Au9999,336.46,334.52
20160530,Au9999,258.88,255.30
20171205,Au9999,273.48,272.87
20160712,Au9999,292.01,292.40
20140611,Au9999,252.00,252.46
20100421,Au9999,251.80,251.45
20091109,Au9999,241.30,242.76
20200213,Au99.99,352.45,353.46
20120502,Au9999,338.50,336.46
20170608,Au99.99,283.75,282.70
20170818,Au99.99,277.81,278.50
20190917,Au99.99,345.85,343.70
20130910,Au9999,277.00,273.80
20110831,Au9999,378.00,377.69
20100415,Au9999,254.50,253.50
20180518,Au99.99,267.00,265.80
20110303,Au9999,303.00,301.70
20030106,Au99.99,93.99,93.95
20160324,Au9999,257.81,255.00
20180126,Au99.99,279.17,277.50
20180615,Au99.99,269.00,268.67
20090710,Au9999,201.20,201.00
20120605,Au9999,332.45,331.01
20120320,Au9999,339.97,337.62
20100914,Au9999,273.00,273.00
20160505,Au9999,269.49,267.60
20180802,Au99.99,269.00,267.93
20170607,Au99.99,285.00,283.75
20130322,Au9999,323.15,322.70
20100426,Au9999,253.80,254.30
20140211,Au9999,250.39,251.49
20141112,Au9999,229.50,230.39
20110104,Au9999,303.90,302.50
20100422,Au9999,253.00,252.42
20100804,Au9999,259.80,260.63
20180606,Au99.99,268.11,267.87
20171204,Au9999,273.49,272.65
20180427,Au99.99,271.29,270.30
20130403,Au9999,319.00,314.15
20030310,Au99.99,94.75,94.56
20181219,Au99.99,278.81,278.89
20180705,Au99.99,269.39,268.29
20111226,Au9999,331.00,328.78
20160802,Au9999,288.99,290.10
20110621,Au9999,321.00,321.33
20171215,Au99.99,270.88,269.57
20110111,Au9999,299.00,299.79
20030325,Au99.99,89.78,89.85
20101230,Au9999,301.50,301.50
20170809,Au9999,274.49,274.14
20130409,Au9999,316.69,315.40
20130704,Au9999,254.00,255.25
20160901,Au9999,282.52,281.49
20120619,Au9999,332.50,333.72
20130515,Au9999,290.00,285.60
20111214,Au9999,343.00,337.95
20100420,Au9999,250.00,250.59
20110829,Au9999,368.84,375.50
20021111,Au99.99,85.18,85.19
20151021,Au9999,241.00,240.31
20150128,Au9999,258.99,259.16
20120405,Au9999,333.00,331.78
20160328,Au9999,255.98,255.78
20091204,Au9999,258.00,254.50
20190905,Au99.99,358.00,358.03
20100205,Au9999,244.99,235.31
20111115,Au9999,365.70,362.63
20101012,Au9999,290.00,289.86
20021217,Au99.99,89.8,90.11
20090519,Au9999,204.50,202.46
20130719,Au9999,258.48,259.39
20170206,Au99.99,268.01,271.79
20091027,Au9999,232.80,229.29
20170210,Au99.99,276.20,272.83
20081017,Au9999,184.25,179.04
20181106,Au99.99,276.32,274.86
20121227,Au9999,333.35,333.08
20190709,Au99.99,314.88,311.49
20170116,Au99.99,269.00,270.50
20180309,Au99.99,272.80,270.60
20141022,Au9999,249.99,245.39
20130711,Au9999,254.30,259.37
20140224,Au9999,259.30,260.50
20110901,Au9999,379.45,375.11
20170220,Au99.99,275.75,275.50
20200120,Au99.99,345.01,345.20
20180328,Au99.99,274.26,272.52
20180118,Au9999,278.92,276.15
20190213,Au99.99,288.49,287.07
20160810,Au9999,289.00,289.59
20200227,Au99.99,373.16,371.30
20191023,Au99.99,340.95,340.58
20151104,Au9999,231.80,228.74
20100106,Au9999,250.00,251.58
20110224,Au9999,297.95,299.05
20170728,Au99.99,274.51,274.29
20190729,Au99.99,318.80,317.13
20160407,Au9999,255.45,255.64
20170301,Au99.99,280.00,278.00
20081128,Au9999,178.50,179.01
20181008,Au99.99,268.49,266.98
20021105,Au9999,85.1,85.13
20160908,Au9999,289.48,289.20
20100916,Au9999,276.00,275.20
20160921,Au9999,284.49,284.40
20190606,Au99.99,300.00,299.32
20121228,Au9999,333.90,332.84
20190320,Au99.99,285.80,284.59
20120319,Au9999,340.00,339.00
20121031,Au9999,346.00,343.94
20120105,Au9999,328.45,331.98
20130507,Au9999,300.00,294.00
20171026,Au99.99,273.51,274.50
20170209,Au99.99,275.97,276.31
20170119,Au99.99,273.00,268.03
20190910,Au99.99,349.95,343.38
20170802,Au99.99,275.30,274.80
20100514,Au9999,274.00,271.54
20110609,Au9999,322.50,320.71
20191129,Au99.99,329.09,331.69
20121123,Au9999,347.89,346.77
20091022,Au9999,231.00,232.45
20081127,Au9999,178.80,178.80
20170605,Au99.99,276.80,281.87
20110818,Au9999,368.00,369.37
20091126,Au9999,259.94,260.60
20160905,Au9999,284.54,285.33
20150413,Au9999,240.01,241.34
20080908,Au99.99,178.70,179.89
20180522,Au99.99,266.80,266.01
20180706,Au99.99,267.56,269.21
20100610,Au9999,272.30,269.62
20171212,Au99.99,268.67,267.50
20181121,Au99.99,274.75,274.38
20160727,Au9999,284.00,283.63
20130321,Au9999,322.93,322.23
20191223,Au99.99,335.36,336.08
20090918,Au9999,223.02,222.69
20160603,Au9999,258.85,257.40
20100513,Au9999,271.55,271.80
20140306,Au9999,263.01,262.99
20160125,Au9999,233.35,233.69
20081103,Au9999,163.00,165.80
20190116,Au99.99,284.00,282.97
20190305,Au99.99,280.73,279.50
20090206,Au9999,200.99,201.20
20170731,Au99.99,275.35,275.10
20130806,Au9999,263.50,259.89
20170509,Au9999,276.88,275.20
20131114,Au9999,252.40,253.00
20090511,Au9999,200.50,200.85
20090408,Au9999,193.99,195.66
20110311,Au9999,303.00,300.95
20080919,Au9999,191.00,185.07
20160816,Au9999,287.99,287.98
20160815,Au9999,287.99,287.35
20110824,Au9999,384.00,380.45
20180315,Au9999,271.12,270.97
20111223,Au9999,331.00,330.29
20100722,Au9999,260.99,259.02
20110307,Au9999,303.00,304.05
20161207,Au99.99,265.00,265.45
20100712,Au9999,263.61,263.30
20131213,Au9999,244.00,242.08
20120613,Au9999,330.00,330.60
20180420,Au99.99,274.09,272.88
20180410,Au99.99,272.35,271.97
20130916,Au9999,262.80,263.76
20180730,Au99.99,268.82,268.29
20101217,Au9999,299.00,296.81
20091029,Au9999,227.10,227.00
20120306,Au9999,348.09,346.01
20130617,Au9999,277.35,277.13
20100305,Au9999,250.20,248.78
20110630,Au9999,316.00,314.70
20191205,Au99.99,339.98,336.49
20190412,Au99.99,286.00,282.80
20150320,Au9999,233.90,234.50
20141205,Au9999,238.50,239.00
20091215,Au9999,247.35,247.50
20110527,Au9999,319.90,319.39
20030313,Au99.99,92.5,92.76
20120116,Au9999,337.51,336.39
20030317,Au99.99,92.3,92.15
20170323,Au99.99,278.20,278.21
20130726,Au9999,267.10,266.50
20101111,Au9999,300.00,302.16
20030303,Au99.99,93.28,93.02
20110128,Au9999,287.00,282.58
20170726,Au9999,273.50,272.30
20131204,Au9999,242.50,240.89
20151211,Au9999,223.47,223.02
20100617,Au9999,273.00,271.30
20140227,Au9999,265.24,261.48
20160620,Au9999,273.99,272.00
20140411,Au9999,263.00,262.64
20021226,Au99.99,92.55,93.01
20021101,Au99.99,84.5,84.51
20190830,Au99.99,358.90,354.09
20101027,Au9999,288.90,287.13
20130108,Au9999,333.00,331.58
20120207,Au9999,341.95,351.74
20190719,Au99.99,317.96,320.45
20100812,Au9999,263.80,262.62
20170925,Au99.99,276.40,276.55
20170406,Au99.99,280.49,280.21
20170322,Au99.99,276.20,278.20
20140317,Au9999,269.63,273.29
20121026,Au9999,345.50,342.49
20150520,Au9999,243.21,241.17
20110929,Au9999,343.25,336.00
20191231,Au99.99,340.40,340.80
20110726,Au9999,335.60,334.50
20090527,Au9999,208.03,208.69
20170330,Au99.99,279.52,279.60
20080918,Au9999,173.99,191.19
20131014,Au9999,253.00,255.25
20100122,Au9999,247.50,244.27
20180919,Au99.99,267.48,266.69
20130517,Au9999,280.70,277.96
20121015,Au9999,357.29,352.60
20171027,Au99.99,274.99,272.93
20200203,Au99.99,349.00,356.11
20170807,Au9999,275.50,273.37
20190211,Au99.99,286.51,287.43
20160801,Au9999,286.95,288.17
20090108,Au9999,190.00,187.50
20081208,Au9999,172.99,172.30
20101108,Au9999,302.45,298.89
20170724,Au9999,273.50,273.80
20170329,Au99.99,280.50,279.74
20141210,Au9999,239.38,246.15
20120928,Au9999,360.00,360.03
20160224,Au9999,256.99,256.98
20090216,Au9999,206.00,206.49
20200302,Au99.99,368.88,359.04
20110607,Au9999,321.87,322.03
20130729,Au9999,264.49,264.31
20100406,Au9999,248.00,247.53
20181203,Au99.99,274.95,274.27
20170113,Au99.99,270.60,268.79
20100309,Au9999,249.40,245.58
20121114,Au9999,348.00,346.29
20191128,Au99.99,332.16,330.60
20170112,Au99.99,269.00,269.33
20120309,Au9999,349.00,347.20
20150409,Au9999,241.45,238.50
20141217,Au9999,241.49,239.30
20090929,Au9999,217.80,218.33
20140820,Au9999,257.20,256.40
20190711,Au99.99,312.49,316.50
20170511,Au9999,274.88,274.26
20100510,Au9999,263.99,263.09
20090709,Au9999,203.00,201.30
20160721,Au9999,285.16,283.34
20191031,Au99.99,340.95,340.30
20181218,Au99.99,278.00,278.59
20090826,Au9999,208.50,208.75
20170428,Au99.99,283.80,283.45
20100603,Au9999,269.00,268.87
20191227,Au99.99,341.86,340.47
20130417,Au9999,274.76,276.50
20191029,Au99.99,346.00,340.68
20171116,Au99.99,275.99,274.00
20170228,Au99.99,280.40,281.83
20121213,Au9999,344.98,341.48
20151109,Au9999,227.95,224.39
20121211,Au9999,344.00,343.82
20170515,Au9999,275.39,276.29
20121023,Au9999,352.00,346.43
20190513,Au99.99,282.09,285.05
20120702,Au9999,327.60,326.20
20091015,Au9999,234.29,231.97
20030220,Au99.99,94.9,94.88
20171106,Au9999,274.02,273.00
20150911,Au9999,229.30,228.35
20150526,Au9999,240.00,239.16
20170505,Au99.99,278.00,275.87
20090116,Au9999,180.80,182.47
20100416,Au9999,255.00,253.39
20090610,Au9999,211.00,210.95
20180815,Au99.99,266.49,264.97
20170503,Au9999,281.60,280.37
20180202,Au9999,273.00,273.75
20080911,Au9999,172.30,167.36
20110107,Au9999,298.57,296.89
20110617,Au9999,320.50,318.70
20180717,Au99.99,269.50,267.87
20150313,Au9999,234.99,234.64
20140924,Au9999,245.48,242.50
20190110,Au99.99,285.00,283.84
20091230,Au9999,250.00,251.58
20090403,Au9999,202.50,199.70
20151103,Au9999,233.98,232.13
20150107,Au9999,242.50,243.14
20110317,Au9999,299.90,297.60
20160118,Au9999,230.49,231.70
20131225,Au9999,238.01,238.99
20140312,Au9999,264.51,267.43
20090401,Au9999,203.00,202.10
20110729,Au9999,336.41,334.00
20150507,Au9999,238.40,236.89
20081113,Au9999,165.64,161.79
20160601,Au9999,257.48,258.30
20171009,Au9999,274.76,276.30
20161027,Au99.99,277.99,277.68
20090618,Au9999,206.48,206.78
20101026,Au9999,291.50,287.90
20191212,Au99.99,334.00,334.69
20090526,Au9999,208.01,209.23
20090921,Au9999,220.65,220.16
20090817,Au9999,208.40,207.97
20181029,Au99.99,277.50,277.20
20140102,Au9999,238.85,242.30
20141204,Au9999,238.98,238.00
20100520,Au9999,266.99,261.24
20140314,Au9999,269.76,269.63
20110825,Au9999,386.00,361.01
20140117,Au9999,243.50,245.40
20180103,Au9999,274.70,276.00
20140221,Au9999,257.50,259.29
20161125,Au9999,270.99,269.36
20090316,Au9999,203.37,203.99
20100318,Au9999,249.00,246.87
20140417,Au9999,260.50,259.30
20130709,Au9999,253.68,253.80
20100107,Au9999,250.00,251.58
20090413,Au9999,195.00,196.05
20150108,Au9999,243.40,242.75
20160503,Au9999,267.00,270.69
20120926,Au9999,361.00,358.25
20160722,Au9999,283.90,285.00
20160330,Au9999,255.02,258.68
20160105,Au9999,225.59,226.65
20111114,Au9999,366.00,365.70
20110916,Au9999,374.98,366.93
20180222,Au9999,272.00,271.36
20170803,Au99.99,275.50,273.40
20081030,Au9999,167.56,171.06
20100203,Au9999,245.50,246.78
20121121,Au9999,348.98,345.60
20190820,Au99.99,342.28,343.13
20140219,Au9999,258.01,258.24
20150305,Au9999,244.85,243.00
20181116,Au99.99,272.09,272.69
20131024,Au9999,262.70,262.67
20121127,Au9999,350.14,349.98
20160902,Au9999,281.45,282.46
20091028,Au9999,229.35,229.06
20090205,Au9999,197.00,199.00
20180614,Au99.99,268.79,268.93
20200309,Au99.99,373.67,373.46
20030122,Au99.99,97.5,97.42
20131101,Au9999,262.25,260.69
20160729,Au9999,288.88,285.83
20170424,Au99.99,286.00,283.57
20100312,Au9999,245.49,244.94
20100928,Au9999,280.50,278.22
20090730,Au9999,206.00,205.02
20160122,Au9999,233.60,232.50
20191216,Au99.99,332.68,334.16
20151218,Au9999,222.99,221.40
20130606,Au9999,279.48,277.50
20090617,Au9999,206.50,206.48
20140516,Au9999,260.60,259.69
20150915,Au9999,228.49,227.94
20161213,Au99.99,264.55,265.34
20101013,Au9999,291.00,291.70
20101214,Au9999,300.50,301.00
20170615,Au9999,279.35,277.47
20090908,Au9999,218.00,220.27
20131108,Au9999,259.90,257.52
20100701,Au9999,269.20,270.52
20081125,Au9999,179.68,178.49
20120220,Au9999,353.00,351.89
20151209,Au9999,222.99,223.28
20150805,Au9999,219.49,217.61
20170411,Au99.99,281.39,281.84
20150604,Au9999,238.00,235.94
20170912,Au99.99,282.00,279.85
20150708,Au9999,233.70,229.13
20141024,Au9999,244.80,242.42
20090522,Au9999,206.50,208.61
20120817,Au9999,330.00,331.87
20151231,Au9999,223.79,222.86
20181102,Au99.99,275.66,274.34
20120412,Au9999,338.90,337.97
20141117,Au9999,228.30,234.57
20110520,Au9999,314.00,314.12
20090302,Au9999,208.10,209.98
20030123,Au99.99,98.48,97.7
20180321,Au99.99,269.60,269.74
20191219,Au99.99,334.90,333.52
20081028,Au9999,163.00,167.03
20110708,Au9999,319.98,318.98
20180920,Au99.99,266.05,266.54
20130715,Au9999,258.49,259.70
20161226,Au99.99,260.00,261.40
20101227,Au9999,299.00,298.49
20100810,Au9999,263.50,261.78
20100611,Au9999,270.50,268.92
20160823,Au9999,286.95,286.82
20180808,Au99.99,267.50,267.20
20021231,Au99.99,93.35,92.79
20140425,Au9999,257.00,259.76
20090202,Au9999,200.80,199.75
20190115,Au99.99,283.95,282.32
20100331,Au9999,244.97,244.57
20180831,Au99.99,265.65,266.47
20130521,Au9999,277.90,282.64
20030115,Au99.99,94.8,94.88
20101116,Au9999,296.20,293.76
20131010,Au9999,262.10,259.80
20181214,Au99.99,277.50,277.48
20090220,Au9999,215.00,214.99
20100906,Au9999,273.50,273.70
20151207,Au9999,222.48,224.99
20140716,Au9999,260.80,259.19
20181129,Au99.99,273.49,274.60
20100805,Au9999,262.00,260.78
20150213,Au9999,246.85,247.60
20160826,Au9999,284.20,284.89
20121017,Au9999,353.44,352.50
20140624,Au9999,263.68,263.61
20120626,Au9999,326.00,324.60
20090706,Au9999,205.20,203.80
20131202,Au9999,246.10,245.80
20120808,Au9999,333.00,329.22
20140409,Au9999,261.20,261.12
20120903,Au9999,345.00,345.10
20100625,Au9999,272.00,272.19
20100129,Au9999,243.49,239.70
20090813,Au9999,207.90,210.45
20141225,Au9999,236.80,236.69
20130725,Au9999,268.73,264.90
20161206,Au99.99,265.00,264.69
20081114,Au9999,162.60,164.44
20180419,Au99.99,273.89,274.09
20180212,Au99.99,269.55,270.10
20130909,Au9999,276.50,276.16
20130701,Au9999,243.00,254.10
20120214,Au9999,352.80,348.43
20101208,Au9999,306.00,298.69
20080827,Au9999,180.00,182.58
20140108,Au9999,245.79,241.95
20170704,Au99.99,272.15,270.38
20150109,Au9999,242.75,242.92
20110210,Au9999,290.90,289.71
20140429,Au9999,262.80,260.09
20180213,Au99.99,270.29,271.14
20190828,Au99.99,356.45,357.20
20191108,Au99.99,335.38,331.40
20100114,Au9999,250.00,251.58
20180516,Au99.99,269.62,267.10
20131008,Au9999,265.00,263.20
20171222,Au9999,270.49,270.54
20131021,Au9999,260.85,260.76
20130312,Au9999,319.97,319.49
20180313,Au9999,270.80,270.70
20140724,Au9999,261.20,258.85
20191113,Au99.99,328.98,330.90
20090602,Au9999,214.80,213.00
20190617,Au99.99,306.00,301.35
20130222,Au9999,320.30,323.48
20030228,Au99.99,93.78,93.59
20120410,Au9999,336.00,336.49
20190531,Au99.99,288.37,290.80
20131227,Au9999,239.90,240.50
20140331,Au9999,258.50,257.80
20181207,Au99.99,276.29,275.80
20160129,Au9999,237.98,236.48
20190416,Au99.99,281.95,281.38
20190919,Au99.99,345.75,343.52
20090407,Au9999,194.00,193.99
20081027,Au9999,164.50,162.87
20091228,Au9999,250.00,251.58
20110627,Au9999,317.00,313.95
20110427,Au9999,317.50,315.74
20030312,Au99.99,93.6,93.73
20181226,Au99.99,284.00,284.21
20160929,Au99.99,284.65,284.54
20151127,Au9999,222.00,220.78
20081118,Au9999,166.00,165.43
20131017,Au9999,255.00,254.02
20150428,Au9999,236.80,240.50
20130308,Au9999,320.00,318.35
20150420,Au9999,240.30,241.79
20130129,Au9999,334.70,335.33
20200304,Au99.99,361.98,365.00
20180830,Au99.99,265.70,266.00
20121129,Au9999,348.95,344.37
20090902,Au9999,210.20,210.39
20190924,Au99.99,350.50,349.87
20160427,Au9999,257.7,260.67
20120621,Au9999,331.19,328.53
20150918,Au9999,230.25,231.96
20161228,Au99.99,262.50,261.91
20120525,Au9999,322.00,321.00
20130902,Au9999,277.60,277.00
20131127,Au9999,247.32,245.93
20090601,Au9999,214,215.68
20030402,Au99.99,89.7,89.01
20190117,Au99.99,283.30,283.10
20170227,Au99.99,281.20,280.60
20161116,Au99.99,273.69,273.26
20100311,Au9999,247.50,243.72
20150817,Au9999,231.00,230.70
20100730,Au9999,257.40,255.80
20120117,Au9999,337.12,339.18
20170918,Au9999,280.20,278.93
20151113,Au9999,224.95,223.35
20140319,Au9999,269.1,268.2
20130410,Au9999,315.50,316.99
20170517,Au9999,277.49,277.61
20110331,Au9999,302.50,302.16
20080910,Au9999,175.00,171.68
20140625,Au9999,264.00,262.90
20150609,Au9999,235.00,235.18
20140318,Au9999,273.26,269.10
20150421,Au9999,241.79,238.57
20160303,Au9999,260.49,261.47
20120312,Au9999,352.50,347.26
20131031,Au9999,265.98,262.25
20180425,Au99.99,271.67,270.51
20160701,Au9999,282.95,285.89
20110124,Au9999,291.50,291.22
20151215,Au9999,224.49,221.65
20161025,Au99.99,276.52,277.31
20200218,Au99.99,356.00,357.23
20141208,Au9999,239.00,236.99
20170525,Au99.99,279.75,279.75
20150625,Au9999,235.99,235.10
20160323,Au9999,261.80,258.25
20100505,Au9999,260.99,256.88
20140401,Au9999,257.90,256.39
20090605,Au9999,214.20,215.50
20091026,Au9999,231.80,231.99
20130807,Au9999,259.01,257.11
20081229,Au9999,190.50,194.80
20190401,Au99.99,284.20,282.00
20150807,Au9999,218.18,218.70
20150310,Au9999,237.85,235.45
20171107,Au9999,273.65,274.34
20190322,Au99.99,286.95,286.50
20180112,Au99.99,278.20,278.38
20120906,Au9999,346.98,348.58
20021107,Au99.99,85,85.14
20180903,Au99.99,267.00,265.00
20160518,Au9999,268.00,267.93
20150730,Au9999,219.56,217.51
20130311,Au9999,319.98,319.50
20120411,Au9999,337.00,338.04
20160329,Au9999,255.95,255.02
20170804,Au99.99,276.00,275.26
20120215,Au9999,348.80,351.20
20081009,Au9999,200.00,194.31
20170405,Au99.99,277.81,280.63
20180508,Au99.99,270.71,270.35
20190404,Au99.99,283.00,282.71
20140926,Au9999,239.53,242.76
20180627,Au99.99,266.99,267.56
20180528,Au99.99,269.50,267.80
20120425,Au9999,335.00,334.58
20190903,Au99.99,354.25,355.20
20130905,Au9999,278.50,275.66
20180807,Au99.99,268.50,267.61
20131121,Au9999,251.21,246.17
20100727,Au9999,261.85,259.50
20091222,Au9999,246.50,241.50
20120203,Au9999,355.10,356.99
20100831,Au9999,271.00,270.63
20191202,Au99.99,332.36,331.31
20160704,Au9999,285.00,289.87
20160226,Au9999,260.99,260.41
20151125,Au9999,221.96,222.84
20111118,Au9999,361.10,353.70
20190408,Au99.99,282.20,283.62
20200116,Au99.99,347.00,345.45
20110127,Au9999,289.80,287.35
20150127,Au9999,260.00,258.39
20130514,Au9999,295.00,291.84
20090312,Au9999,198.80,201.56
20190705,Au99.99,315.95,315.71
20091030,Au9999,228.00,230.45
20111123,Au9999,348.00,350.25
20160808,Au9999,291.99,286.42
20101025,Au9999,289.00,289.13
20021203,Au99.99,85.5,85.55
20021212,Au99.99,86.4,86.45
20181011,Au99.99,266.68,268.28
20081117,Au9999,165.00,166.00
20140711,Au9999,265.50,266.89
20140114,Au9999,245.95,246.34
20140829,Au9999,256.00,255.04
20130412,Au9999,312.80,311.82
20130930,Au9999,266.00,265.65
20160513,Au9999,267.00,267.49
20130618,Au9999,277.18,275.64
20101224,Au9999,298.90,298.39
20100811,Au9999,261.78,261.82
20171120,Au9999,275.50,276.30
20021126,Au99.99,85.32,85.37
20171101,Au9999,274.30,273.45
20170703,Au99.99,270.00,271.84
20140214,Au9999,252.99,256.69
20110616,Au9999,319.20,319.34
20130306,Au9999,321.00,319.03
20190423,Au99.99,280.95,279.16
20191225,Au99.99,337.88,338.59
20140213,Au9999,252.06,252.10
20161122,Au99.99,273.80,272.41
20171213,Au99.99,267.90,267.79
20170303,Au99.99,278.49,276.23
20141222,Au9999,239.60,240.25
20130307,Au9999,321.00,319.00
20180926,Au99.99,266.95,267.10
20111121,Au9999,358.80,352.87
20091013,Au9999,230.00,231.30
20171013,Au9999,276.75,276.50
20150917,Au9999,229.49,230.44
20150202,Au9999,254.50,257.94
20130423,Au9999,289.99,283.91
20160714,Au9999,292.00,287.40
20100401,Au9999,246.00,245.48
20111010,Au9999,338.49,342.91
20140910,Au9999,248.45,248.46
20190906,Au99.99,358.88,348.74
20180620,Au99.99,267.82,266.30
20141119,Au9999,236.10,235.20
20140915,Au9999,245.00,244.80
20120118,Au9999,340.00,338.33
20120829,Au9999,341.00,341.13
20130424,Au9999,283.81,290.79
20190506,Au99.99,283.00,282.06
20190927,Au99.99,346.02,345.25
20141008,Au9999,241.00,241.26
20030407,Au99.99,86.5,86.01
20151228,Au9999,225.94,224.94
20140310,Au9999,265.98,262.53
20100802,Au9999,256.90,258.39
20190422,Au99.99,280.00,280.12
20090219,Au9999,213.60,214.22
20111230,Au9999,315.50,319.80
20121219,Au9999,342.00,336.96
20100719,Au9999,263.60,260.65
20190318,Au99.99,285.00,284.28
20090825,Au9999,209.50,208.19
20081201,Au9999,178.60,178.39
20160119,Au9999,231.80,231.30
20171129,Au99.99,276.00,276.20
20190509,Au99.99,283.00,283.50
20200108,Au99.99,352.99,356.61
20150519,Au9999,245.60,243.55
20170526,Au99.99,280.99,280.35
20150513,Au9999,238.58,238.98
20120516,Au9999,320.00,313.98
20141211,Au9999,245.50,243.17
20101014,Au9999,292.50,295.99
20140218,Au9999,259.87,258.01
20090310,Au9999,206.00,201.80
20180509,Au99.99,271.30,269.61
20091130,Au9999,258.00,259.98
20130218,Au9999,332.50,327.25
20111024,Au9999,339.90,341.46
20130926,Au9999,263.99,264.57
20180124,Au99.99,277.10,277.84
20150326,Au9999,238.30,241.04
20180412,Au99.99,274.18,274.08
20190528,Au99.99,288.88,288.50
20120705,Au9999,331.00,330.90
20190603,Au99.99,291.00,294.51
20140722,Au9999,262.99,261.09
20170221,Au99.99,276.49,275.55
20130619,Au9999,276.48,274.25
20190724,Au99.99,316.66,317.55
20030227,Au99.99,95.3,94.93
20200225,Au99.99,379.00,369.53
20191220,Au99.99,334.88,334.89
20121126,Au9999,351.88,350.14
20140508,Au9999,262.80,259.05
20091218,Au9999,251.00,244.73
20110228,Au9999,299.50,299.60
20101221,Au9999,299.60,298.80
20090720,Au9999,206.21,207.75
20081014,Au9999,189.67,186.79
20090227,Au9999,206.65,207.51
20140220,Au9999,258.58,257.49
20120917,Au9999,360.31,360.00
20101223,Au9999,299.90,298.07
20191121,Au99.99,334.98,333.43
20120416,Au9999,340.99,335.43
20121212,Au9999,344.99,344.45
20100329,Au9999,244.50,244.77
20121204,Au9999,346.49,341.27
20160115,Au9999,231.99,230.50
20180515,Au99.99,270.30,269.47
20110214,Au9999,290.75,290.29
20100112,Au9999,250.00,251.58
20140404,Au9999,257.06,257.64
20120327,Au9999,341.00,343.80
20110411,Au9999,309.20,310.55
20021121,Au99.99,84.78,85.04
20120904,Au9999,346.99,346.35
20101229,Au9999,299.95,301.07
20081211,Au9999,175.50,180.53
20150716,Au9999,231.01,229.60
20131205,Au9999,246.68,243.51
20100507,Au9999,258.80,263.63
20090915,Au9999,219.01,220.00
20110915,Au9999,379.50,374.98
20181225,Au99.99,282.25,283.40
20180816,Au99.99,265.69,262.39
20140731,Au9999,258.40,257.79
20030129,Au99.99,97.78,97.7
20180911,Au99.99,266.00,265.38
20160512,Au9999,267.99,266.40
20160822,Au9999,287.70,286.35
20080814,Au9999,182.00,184.26
20150225,Au9999,247.20,244.52
20160126,Au9999,234.00,237.00
20150414,Au9999,239.89,239.09
20120813,Au9999,332.80,332.86
20080926,Au9999,195.70,192.75
20130219,Au9999,327.79,326.79
20030403,Au99.99,88.51,88.22
20120911,Au9999,355.00,352.94
20161117,Au99.99,273.00,273.45
20190314,Au99.99,285.99,284.14
20130724,Au9999,267.50,268.73
20151019,Au9999,240.50,239.50
20191021,Au99.99,341.35,340.77
20200326,Au99.99,367.98,362.00
20090622,Au9999,206.05,205.69
20090422,Au9999,196.40,195.42
20091208,Au9999,255.00,249.08
20190325,Au99.99,286.88,287.21
20110714,Au9999,328.00,329.08
20171019,Au99.99,275.75,274.90
20150928,Au9999,235.24,233.70
20180718,Au99.99,269.00,265.47
20130329,Au9999,319.50,320.23
20120921,Au9999,359.00,359.53
20190415,Au99.99,283.45,281.45
20090331,Au9999,201.26,202.56
20150410,Au9999,239.99,238.89
20180601,Au99.99,270.55,269.09
20190517,Au99.99,289.35,288.00
20180809,Au99.99,266.90,267.14
20190411,Au99.99,285.45,285.15
20190114,Au99.99,283.49,283.50
20121130,Au9999,345.85,346.02
20100413,Au9999,257.00,253.39
20170103,Au99.99,264.04,263.65
20111221,Au9999,330.80,333.20
20090223,Au9999,218.00,216.62
20100308,Au9999,249.28,249.70
20100222,Au9999,247.65,246.59
20140106,Au9999,242.50,245.39
20100310,Au9999,245.80,246.94
20190308,Au99.99,281.31,282.54
20171206,Au9999,272.99,271.43
20100921,Au9999,282.00,276.42
20120806,Au9999,327.99,329.80
20130506,Au9999,296.80,299.60
20121231,Au9999,334.99,334.50
20170123,Au99.99,269.33,270.28
20120709,Au9999,328.30,325.88
20190703,Au99.99,310.88,318.00
20151124,Au9999,221.83,221.44
20150511,Au9999,237.59,237.17
20140909,Au9999,250.25,248.18
20110712,Au9999,322.70,322.27
20180517,Au99.99,267.00,265.49
20110221,Au9999,295.80,296.49
20150803,Au9999,216.50,219.30
20150515,Au9999,243.00,243.56
20110323,Au9999,302.80,302.80
20151221,Au9999,221.67,223.94
20100707,Au9999,263.90,260.13
20100128,Au9999,243.99,241.00
20101231,Au9999,303.00,301.80
20160229,Au9999,260.85,258.86
20150831,Au9999,233.00,233.75
20150318,Au9999,233.00,231.00
20140115,Au9999,246.34,244.16
20140512,Au9999,259.48,259.10
20091123,Au9999,254.50,256.15
20140925,Au9999,242.50,239.27
20030217,Au99.99,92.5,93.22
20180928,Au99.99,266.00,264.06
20120426,Au9999,334.25,335.45
20181101,Au99.99,275.02,274.85
20101029,Au9999,288.00,289.20
20171031,Au9999,273.75,273.94
20200316,Au99.99,358.88,345.00
20120703,Au9999,327.00,329.12
20081120,Au9999,165.44,166.00
20090210,Au9999,199.00,196.96
20180404,Au99.99,272.47,272.16
20101215,Au9999,302.00,298.83
20151111,Au9999,225.00,224.47
20131011,Au9999,259.80,257.77
20141203,Au9999,238.98,237.65
20200204,Au99.99,357.80,354.06
20120510,Au9999,324.64,325.57
20200317,Au99.99,340.00,331.07
20100126,Au9999,247.00,243.84
20190610,Au99.99,299.32,298.77
20150909,Au9999,231.50,231.10
20111128,Au9999,347.50,350.99
20140701,Au9999,262.80,263.99
20091103,Au9999,232.00,233.24
20170911,Au99.99,282.60,281.49
20180828,Au99.99,266.01,266.34
20111017,Au9999,348.00,348.29
20101103,Au9999,293.80,291.99
20120925,Au9999,357.75,358.57
20110927,Au9999,339.90,342.37
20110211,Au9999,288.70,290.28
20121210,Au9999,341.56,342.62
20150804,Au9999,218.80,218.14
20151120,Au9999,221.89,223.10
20180207,Au99.99,273.67,269.79
20090415,Au9999,196.70,196.20
20190510,Au99.99,282.80,283.32
20081112,Au9999,165.50,165.64
20170502,Au99.99,281.99,280.94
20131018,Au9999,255.80,260.13
20181213,Au99.99,277.85,278.26
20160414,Au9999,259.00,257.99
20030328,Au99.99,88.81,88.4
20140821,Au9999,257.50,253.85
20150106,Au9999,240.99,242.50
20081216,Au9999,182.01,183.80
20170512,Au9999,274.68,275.51
20100319,Au9999,247.80,247.29
20190723,Au99.99,320.00,316.45
20030114,Au99.99,94.75,94.8
20200324,Au99.99,343.00,356.71
20181210,Au99.99,276.67,278.83
20130319,Au9999,322.00,321.82
20120802,Au9999,331.51,329.40
20161121,Au99.99,271.85,272.80
20120704,Au9999,331.40,330.12
20090217,Au9999,206.80,211.10
20170302,Au99.99,278.00,278.35
20090804,Au9999,210.50,209.89
20080922,Au9999,190.00,191.29
20141120,Au9999,236.49,233.80
20170630,Au99.99,275.00,273.10
20141224,Au9999,236.50,236.57
20081016,Au9999,185.70,184.25
20131015,Au9999,258.00,253.36
20140522,Au9999,260.35,260.10
20180810,Au99.99,268.30,267.24
20110701,Au9999,316.00,313.33
20180629,Au99.99,267.40,267.38
20161222,Au99.99,261.18,260.00
20161219,Au99.99,262.45,262.76
20181122,Au99.99,274.75,274.65
20130620,Au9999,274.83,266.48
20171017,Au99.99,278.50,276.62
20110308,Au9999,305.50,302.02
20141226,Au9999,236.69,238.20
20130827,Au9999,278.95,278.32
20140804,Au9999,256.95,257.63
20091102,Au9999,229.50,229.90
20140303,Au9999,263.45,266.20
20160205,Au9999,242.99,243.94
20161215,Au99.99,265.93,263.00
20090421,Au9999,193.20,196.03
20081224,Au9999,187.10,185.30
20170710,Au9999,271.00,265.77
20090505,Au9999,196.85,198.30
20120328,Au9999,345.00,341.22
20180621,Au99.99,268.00,265.75
20131216,Au9999,242.48,242.75
20090318,Au9999,202.50,200.40
20190520,Au99.99,289.00,287.19
20090109,Au9999,187.50,189.69
20191115,Au99.99,333.00,331.12
20151023,Au9999,239.03,240.49
20170414,Au99.99,286.99,286.60
20171020,Au99.99,276.80,274.82
20131219,Au9999,243.06,241.00
20130502,Au9999,296.50,294.58
20081124,Au9999,175.00,173.50
20090317,Au9999,204.41,202.50
20161018,Au99.99,272.10,274.97
20111206,Au9999,357.50,351.48
20131224,Au9999,238.77,237.62
20150611,Au9999,236.90,236.49
20090402,Au9999,203.70,202.88
20141229,Au9999,240.49,239.96
20151026,Au9999,241.48,238.30
20180727,Au99.99,268.90,268.25
20090930,Au9999,218.00,219.71
20140930,Au9999,242.00,241.24
20121218,Au9999,340.40,342.00
20130225,Au9999,324.48,323.55
20160627,Au9999,281.45,282.84
20081218,Au9999,186.11,188.83
20110815,Au9999,363.00,359.51
20091201,Au9999,258.00,259.98
20120511,Au9999,326.80,322.34
20140729,Au9999,259.75,259.85
20080925,Au9999,197.80,195.70
20090914,Au9999,219.94,219.20
20120530,Au9999,323.99,318.39
20081205,Au9999,171.00,173.12
20111027,Au9999,352.00,352.97
20160104,Au9999,222.86,224.77
20160523,Au9999,265.88,264.11
20150528,Au9999,237.79,237.25
20120827,Au9999,342.84,342.33
20140520,Au9999,261.49,259.80
20110517,Au9999,314.85,314.00
20140328,Au9999,259.51,258.50
20100524,Au9999,262.89,261.89
20180724,Au99.99,269.00,268.43
20140519,Au9999,259.85,260.71
20160519,Au9999,268.30,264.50
20161227,Au99.99,261.40,261.67
20150916,Au9999,229.49,228.02
20150302,Au9999,243.91,247.39
20190107,Au99.99,287.49,286.18
20150527,Au9999,239.75,237.65
20141212,Au9999,243.79,242.90
20131128,Au9999,246.45,244.60
20190823,Au99.99,341.50,343.00
20140123,Au9999,244.25,243.27
20190227,Au99.99,288.97,287.89
20171227,Au99.99,273.50,272.75
20100125,Au9999,247.00,244.80
20101105,Au9999,292.99,297.39
20151216,Au9999,222.45,222.30
20160111,Au9999,234.50,234.89
20081219,Au9999,190.60,187.15
20150206,Au9999,254.36,254.93
20160920,Au9999,283.41,283.50
20140723,Au9999,261.99,261.17
20110613,Au9999,323.50,320.00
20141028,Au9999,242.49,241.82
20120604,Au9999,320.24,332.48
20200226,Au99.99,374.00,371.76
20200106,Au99.99,350.00,354.55
20140929,Au9999,241.98,240.97
20100303,Au9999,245.60,249.00
20191104,Au99.99,342.65,342.52
20200318,Au99.99,332.98,338.39
20190125,Au99.99,282.60,282.39
20180827,Au99.99,264.60,265.30
20170421,Au99.99,285.00,285.36
20170310,Au99.99,272.69,270.41
20120719,Au9999,325.04,325.25
20171109,Au9999,274.85,275.37
20181009,Au99.99,267.49,266.72
20170223,Au99.99,276.48,276.20
20160108,Au9999,234.49,233.54
20021220,Au99.99,94,94.4
20191230,Au99.99,340.70,340.43
20081024,Au9999,162.00,160.81
20191024,Au99.99,285.00,339.94
20100414,Au9999,254.5,253.65
20170426,Au99.99,289.00,282.05
20110401,Au9999,302.18,303.04
20021122,Au99.99,85.1,85.18
20191101,Au99.99,340.30,343.27
20180111,Au99.99,277.45,277.80
20131115,Au9999,252.10,253.00
20190806,Au99.99,333.60,333.07
20160719,Au9999,286.00,287.02
20160413,Au9999,262.99,259.80
20111102,Au9999,351.27,353.52
20111013,Au9999,346.22,347.00
20171108,Au9999,274.98,274.57
20131126,Au9999,243.98,247.32
20170711,Au9999,267.50,267.55
20131119,Au9999,253.58,250.90
20130528,Au9999,282.00,279.14
20190814,Au99.99,350.49,341.65
20081010,Au9999,195.00,202.39
20160405,Au9999,257.00,255.45
20140922,Au9999,242.69,239.03
20170707,Au9999,270.49,269.80
20170214,Au99.99,274.98,274.06
20130815,Au9999,266.00,267.23
20170620,Au9999,277.50,276.01
20130809,Au9999,259.15,262.20
20080811,Au9999,193.00,189.88
20170619,Au9999,278.00,276.25
20181010,Au99.99,267.30,266.46
20090114,Au9999,182.70,182.99
20160421,Au9999,260.50,262.74
20140304,Au9999,266.20,264.00
20131220,Au9999,241.00,236.37
20160616,Au9999,272.70,277.66
20160614,Au9999,271.75,271.50
20160804,Au9999,291.89,289.05
20180605,Au99.99,269.17,267.50
20080905,Au99.99,179.00,176.90
20170306,Au99.99,275.50,276.54
20170906,Au9999,281.20,282.44
20190821,Au99.99,344.75,342.50
20081106,Au9999,169.00,165.51
20170830,Au99.99,281.50,278.00
20110826,Au9999,361.01,368.84
20091202,Au9999,266.00,267.70
20181105,Au99.99,275.50,275.52
20160708,Au9999,291.09,291.63
20131203,Au9999,245.80,242.18
20151029,Au9999,241.00,237.30
20151203,Au9999,220.40,218.18
20110603,Au9999,321.79,319.77
20171103,Au9999,273.50,273.60
20150618,Au9999,235.75,237.50
20200122,Au99.99,342.00,345.86
20141110,Au9999,225.99,230.71
20130124,Au9999,340.80,337.39
20140113,Au9999,243.59,246.50
20120614,Au9999,334.00,332.30
20100716,Au9999,264.50,263.60
20150717,Au9999,228.09,229.19
20150226,Au9999,244.80,244.59
20160615,Au9999,271.50,272.78
20120420,Au9999,334.81,334.96
20160217,Au9999,251.39,254.00
20100104,Au9999,250.00,251.58
20130418,Au9999,277.00,275.91
20090630,Au9999,206.50,207.41
20160218,Au9999,252.99,253.05
20100901,Au9999,272.45,273.97
20100803,Au9999,258.64,258.59
20081104,Au9999,168.00,164.82
20081023,Au9999,169.00,162.90
20130730,Au9999,266.98,264.10
20190923,Au99.99,347.00,348.69
20160331,Au9999,258.50,255.70
20160426,Au9999,259.3,258.4
20100115,Au9999,250.00,251.58
20111031,Au9999,358.50,350.49
20170328,Au99.99,280.50,280.23
20100823,Au9999,270.00,269.25
20120628,Au9999,322.50,322.71
20111111,Au9999,363.00,361.19
20181130,Au99.99,273.91,274.65
20030211,Au99.99,97.55,97.41
20140617,Au9999,256.80,253.75
20151201,Au9999,218.99,221.54
20091021,Au9999,231.00,233.00
20151126,Au9999,222.49,221.85
20190808,Au99.99,345.00,34333.00%
20110926,Au9999,351.00,327.56
20161124,Au99.99,272.55,270.40
20121116,Au9999,346.00,344.11
20160113,Au9999,232.51,229.27
20170905,Au9999,282.04,281.20
20150316,Au9999,234.40,234.85
20180312,Au9999,272.20,270.80
20110526,Au9999,318.50,319.59
20121108,Au9999,346.00,345.49
20170928,Au99.99,278.29,276.67
20090506,Au9999,200.00,198.40
20180719,Au99.99,267.00,266.29
20141105,Au9999,230.50,225.90
20170627,Au99.99,277.00,276.56
20120424,Au9999,333.30,333.65
20130131,Au9999,336.00,336.80
20111222,Au9999,333.20,329.91
20150429,Au9999,240.95,241.49
20190916,Au99.99,344.90,344.40
20110601,Au9999,321.90,319.48
20150216,Au9999,246.45,248.60
20081231,Au9999,190.50,190.65
20180514,Au99.99,271.42,270.52
20100118,Au9999,250.00,251.58
20101119,Au9999,292.60,292.40
20160510,Au9999,267.50,266.00
20090520,Au9999,202.11,203.74
20180731,Au99.99,268.80,268.65
20100518,Au9999,272.00,266.79
20110419,Au9999,312.70,313.60
20160608,Au9999,262.95,265.10
20191217,Au99.99,334.86,333.71
20190418,Au99.99,280.68,278.70
20090917,Au9999,223.70,224.01
20160127,Au9999,236.50,237.09
20141009,Au9999,241.25,242.59
20100930,Au9999,282.50,282.10
20081202,Au9999,177.48,170.76
20171110,Au9999,276.52,275.94
20140918,Au9999,245.00,242.33
20161102,Au99.99,281.99,282.57
20110119,Au9999,296.50,295.99
20131029,Au9999,266.00,264.20
20200228,Au99.99,371.30,365.36
20090702,Au9999,206.70,206.47
20090807,Au9999,212.80,211.20
20100526,Au9999,263.50,265.20
20180716,Au99.99,269.00,268.15
20190522,Au99.99,287.00,286.37
20171016,Au99.99,276.51,278.05
20150415,Au9999,239.00,238.33
20130816,Au9999,267.00,271.89
20171225,Au9999,270.85,271.55
20171123,Au9999,275.68,275.20
20140827,Au9999,256.00,254.95
20161017,Au99.99,272.55,273.06
20121102,Au9999,347.99,343.79
20110408,Au9999,308.00,309.20
20190306,Au99.99,280.97,281.25
20160511,Au9999,264.00,267.03
20131111,Au9999,257.00,253.29
20130524,Au9999,282.80,279.20
20170106,Au99.99,264.90,265.29
20130125,Au9999,338.85,336.18
20090427,Au9999,201.69,200.00
20130529,Au9999,279.99,277.96
20110704,Au9999,315.00,312.27
20130718,Au9999,260.50,256.42
20150306,Au9999,243.99,242.31
20180329,Au99.99,272.52,269.90
20181018,Au99.99,274.76,273.65
20131118,Au9999,253.57,253.06
20090209,Au9999,199.00,198.87
20080904,Au99.99,177.19,178.71
20160310,Au9999,263.50,261.43
20140620,Au9999,256.88,262.50
20111227,Au9999,328.80,326.37
20151118,Au9999,222.74,220.92
20200320,Au99.99,337.00,340.00
20140819,Au9999,257.50,257.00
20110628,Au9999,314.50,313.62
20090909,Au9999,220.27,219.53
20121205,Au9999,344.00,341.50
20140702,Au9999,264.55,264.52
20100419,Au9999,251.88,248.85
20090309,Au9999,207.00,205.59
20100702,Au9999,271.19,263.82
20110118,Au9999,295.00,296.46
20190613,Au99.99,299.61,300.41
20101202,Au9999,301.50,299.99
20121122,Au9999,347.19,346.80
20101109,Au9999,299.80,303.62
20110315,Au9999,303.00,300.44
20150330,Au9999,241.49,238.74
20200306,Au99.99,370.00,372.40
20140128,Au9999,247.79,245.90
20190516,Au99.99,289.45,288.71
20140818,Au9999,258.41,257.50
20150217,Au9999,249.40,247.23
20100903,Au9999,274.00,273.90
20170908,Au9999,281.99,281.75
20180925,Au99.99,267.80,266.53
20180409,Au99.99,272.20,271.50
20141114,Au9999,229.40,227.20
20110922,Au9999,374.61,368.00
20190626,Au99.99,321.00,314.44
20101126,Au9999,297.00,294.85
20130823,Au9999,272.98,273.19
20110314,Au9999,304.00,302.68
20170919,Au9999,278.93,278.65
20160805,Au9999,290.88,292.12
20081217,Au9999,183.99,186.00
20090707,Au9999,204.45,203.36
20180322,Au99.99,270.12,272.10
20150721,Au9999,223.00,221.70
20101117,Au9999,294.80,289.00
20110801,Au9999,334.00,333.98
20151117,Au9999,225.29,222.16
20150506,Au9999,238.49,238.78
20130121,Au9999,339.49,339.35
20170712,Au9999,267.99,268.90
20140808,Au9999,258.70,261.10
20180625,Au99.99,267.30,267.16
20150828,Au9999,233.49,233.20
20171023,Au99.99,275.85,274.08
20150728,Au9999,219.99,219.53
20111012,Au9999,346.79,346.22
20110223,Au9999,297.91,297.30
20120314,Au9999,350.00,341.35
20150630,Au9999,235.98,234.94
20150403,Au9999,241.00,239.40
20200212,Au99.99,352.64,350.89
20120322,Au9999,340.00,336.77
20121105,Au9999,343.79,338.16
20081210,Au9999,173.50,175.00
20180822,Au99.99,264.70,264.10
20130318,Au9999,321.95,321.19
20021202,Au99.99,85.33,85.55
20170109,Au99.99,265.06,265.89
20121220,Au9999,337.99,335.64
20091016,Au9999,232.00,230.60
20180320,Au99.99,269.16,269.51
20110407,Au9999,307.00,306.54
20090611,Au9999,211.60,209.93
20140116,Au9999,243.85,244.49
20180817,Au99.99,262.80,261.59
20100521,Au9999,261.24,259.80
20130208,Au9999,337.50,336.75
20140725,Au9999,259.25,257.85
20150908,Au9999,231.49,230.58
20141106,Au9999,223.49,225.38
20100927,Au9999,280.00,280.39
20090423,Au9999,195.50,196.37
20100111,Au9999,250.00,251.58
20150126,Au9999,260.49,260.80
20120308,Au9999,344.00,343.45
20140709,Au9999,263.25,263.76
20190620,Au99.99,305.30,308.58
20110222,Au9999,297.50,296.86
20121221,Au9999,339.64,330.62
20151013,Au9999,238.80,236.30
20200217,Au99.99,354.89,355.29
20100908,Au9999,275.00,275.57
20180927,Au99.99,267.80,266.30
20161202,Au99.99,265.39,265.34
20120228,Au9999,360.00,359.99
20170808,Au9999,273.49,273.02
20190430,Au99.99,280.50,280.88
20151202,Au9999,221.75,220.54
20151020,Au9999,239.50,240.1
20190911,Au99.99,347.00,344.09
20150707,Au9999,233.65,233.89
20091014,Au9999,233.00,234.30
20110330,Au9999,300.60,301.74
20101207,Au9999,304.00,304.33
20030411,Au99.99,87.2,87.2
20120201,Au9999,355.00,352.58
20110121,Au9999,293.50,291.01
20170410,Au99.99,282.90,281.39
20181031,Au99.99,275.95,273.80
20170920,Au9999,280.00,278.89
20130422,Au9999,285.50,288.49
20151224,Au9999,224.50,224.73
20151012,Au9999,235.99,237.20
20161221,Au99.99,262.40,260.97
20190319,Au99.99,284.85,285.20
20030226,Au99.99,95.18,94.65
20110503,Au9999,316.20,322.00
20110902,Au9999,377.00,380.19
20130627,Au9999,251.59,250.07
20110914,Au9999,378.65,378.00
20130830,Au9999,282.65,277.60
20121115,Au9999,345.71,345.76
20100402,Au9999,246.00,246.87
20121214,Au9999,341.50,341.74
20081029,Au9999,167.00,167.56
20150427,Au9999,238.45,236.80
20120305,Au9999,350.00,348.09
20090821,Au9999,207.90,207.31
20090714,Au9999,201.50,202.76
20120920,Au9999,361.00,357.32
20150701,Au9999,234.80,234.38
20090819,Au9999,206.98,206.60
20120830,Au9999,341.49,339.50
20180206,Au99.99,272.62,273.24
20120629,Au9999,322.90,322.49
20101122,Au9999,295.00,293.53
20111109,Au9999,366.30,364.91
20130503,Au9999,296.87,296.80
20160121,Au9999,232.99,234.17
20110321,Au9999,302.98,303.15
20191114,Au99.99,330.00,331.98
20130510,Au9999,296.80,296.17
20170321,Au99.99,276.70,275.75
20081020,Au9999,179.00,178.49
20171130,Au99.99,276.49,274.39
20110711,Au9999,321.00,321.89
20170706,Au99.99,270.20,270.12
20190801,Au99.99,321.00,315.21
20190329,Au99.99,285.61,281.00
20120608,Au9999,336.50,322.91
20150211,Au9999,249.45,248.88
20081119,Au9999,165.00,165.60
20190328,Au99.99,289.00,286.49
20160203,Au9999,238.48,238.50
20190802,Au99.99,317.00,322.67
20110511,Au9999,316.50,318.29
20110322,Au9999,304.40,302.80
20101020,Au9999,292.62,287.59
20160812,Au9999,287.98,286.80
20160705,Au9999,300.00,288.68
20190226,Au99.99,289.20,288.00
20111124,Au9999,350.25,348.47
20150714,Au9999,231.70,230.80
20120110,Au9999,331.90,332.05
20190108,Au99.99,287.37,284.75
20171114,Au99.99,276.00,274.49
20180423,Au99.99,273.82,271.45
20081203,Au9999,174.00,173.54
20170412,Au99.99,282.49,284.41
20151014,Au9999,237.90,239.84
20130613,Au9999,281.09,277.99
20120119,Au9999,338.33,339.38
20170616,Au99.99,277.47,276.90
20121224,Au9999,333.98,334.01
20110513,Au9999,313.00,317.00
20140528,Au9999,258.29,254.90
20030103,Au99.99,92.8,92.81
20160907,Au9999,286.30,289.37
20160919,Au9999,285.10,283.80
20180917,Au99.99,268.00,265.69
20190111,Au99.99,284.99,283.20
20170828,Au99.99,277.59,278.21
20150729,Au9999,219.53,219.56
20170203,Au9999,266.25,269.30
20160624,Au9999,268.20,281.44
20030116,Au99.99,89.78,89.85
20130708,Au9999,252.00,251.15
20190315,Au99.99,284.14,284.29
20150923,Au9999,232.99,232.51
20190429,Au99.99,281.98,280.49
20190228,Au99.99,287.08,286.02
20120302,Au9999,348.45,348.70
20121012,Au9999,359.99,357.29
20130828,Au9999,282.59,282.27
20200210,Au99.99,354.00,353.00
20140609,Au9999,252.75,252.23
20180205,Au99.99,273.50,271.49
20190521,Au99.99,287.89,286.60
20130702,Au9999,254.10,256.60
20150331,Au9999,237.80,235.55
20191008,Au99.99,344.33,344.00
20110420,Au9999,314.00,315.39
20081121,Au9999,167.47,167.66
20160602,Au9999,258.25,257.98
20180525,Au99.99,267.50,268.87
20150910,Au9999,231.99,228.09
20200323,Au99.99,342.98,339.20
20140225,Au9999,260.50,262.39
20151016,Au9999,241.40,240.56
20180607,Au99.99,267.94,268.09
20150810,Au9999,210.79,219.95
20161109,Au99.99,283.97,288.38
20090226,Au9999,210.10,209.89
20170216,Au99.99,273.99,274.93
20120315,Au9999,339.00,337.25
20171012,Au9999,276.35,276.25
20181113,Au99.99,272.02,270.60
20170810,Au9999,274.99,275.29
20130205,Au9999,336.74,337.10
20170524,Au99.99,281.40,278.50
20100121,Au9999,251.00,247.50
20110113,Au9999,299.40,297.80
20140721,Au9999,262.80,262.60
20191015,Au99.99,341.48,341.11
20110524,Au9999,316.50,318.05
20130710,Au9999,254.93,252.69
20130722,Au9999,259.49,264.59
20160325,Au9999,255.99,256.05
20120601,Au9999,322.80,320.24
20110413,Au9999,308.60,307.95
20200121,Au99.99,345.98,348.20
20091211,Au9999,247.85,251.00
20180628,Au99.99,267.65,267.00
20160307,Au9999,265.50,265.00
20130903,Au9999,278.00,276.39
20130614,Au9999,278.00,277.35
20100713,Au9999,263.20,261.88
20120217,Au9999,351.50,352.16
20140321,Au9999,265.45,265.26
20141118,Au9999,234.89,234.40
20090708,Au9999,204.00,203.68
20150924,Au9999,233.00,233.84
20100224,Au9999,246.00,242.50
20110126,Au9999,287.99,288.20
20181108,Au99.99,276.09,273.86
20181015,Au99.99,272.68,274.45
20200319,Au99.99,339.75,336.15
20161201,Au99.99,267.50,265.54
20121128,Au9999,350.00,347.72
20080901,Au99.99,183.98,183.80
20161118,Au99.99,273.80,270.70
20191226,Au99.99,339.45,339.84
20180723,Au99.99,267.80,268.40
20030320,Au99.99,90,89.65
20030401,Au99.99,89.78,89.7
20150303,Au9999,246.25,245.00
20130820,Au9999,274.99,270.66
20170821,Au9999,278.50,277.51
20190716,Au99.99,315.00,315.38
20110110,Au9999,297.45,298.53
20120329,Au9999,341.22,338.29
20190311,Au99.99,283.50,283.50
20130731,Au9999,266.50,265.76
20100408,Au9999,250.10,251.40
20150408,Au9999,241.00,241.90
20131030,Au9999,265.40,263.92
20180726,Au99.99,268.95,268.58
20150812,Au9999,227.49,232.24
20110919,Au9999,377.30,377.20
20150706,Au9999,234.39,233.69
20160112,Au9999,234.50,232.51
20110309,Au9999,304.82,302.05
20100825,Au9999,267.52,269.67
20180426,Au99.99,270.40,271.27
20151230,Au9999,224.72,224.45
20180201,Au9999,273.55,273.40
20120529,Au9999,323.99,323.55
20190109,Au99.99,286.00,283.88
20130122,Au9999,340.35,339.83
20170419,Au99.99,285.80,285.75
20160315,Au9999,262.99,257.69
20141128,Au9999,237.20,235.50
20171024,Au99.99,273.81,275.01
20090824,Au9999,209.99,210.03
20170612,Au9999,280.74,278.85
20110301,Au9999,300.00,299.79
20160818,Au9999,287.20,288.87
20100301,Au9999,245.20,245.35
20160128,Au9999,236.81,236.79
20120724,Au9999,323.51,324.52
20180308,Au99.99,273.70,272.21
20150323,Au9999,235.00,236.68
20180523,Au99.99,267.80,266.49
20180824,Au99.99,264.75,264.60
20110506,Au9999,317.01,311.39
20151210,Au9999,223.92,222.80
20100325,Au9999,243.50,242.02
20120227,Au9999,350.00,359.68
20181109,Au99.99,274.30,273.48
20151208,Au9999,224.63,224.89
20131231,Au9999,239.00,236.46
20140825,Au9999,254.00,253.30
20090513,Au9999,200.80,203.11
20160913,Au9999,285.55,286.15
20151105,Au9999,229.98,227.01
20181119,Au99.99,273.47,273.71
20110310,Au9999,302.80,303.30
20120706,Au9999,328.90,328.30
20161108,Au99.99,281.30,280.70
20140728,Au9999,257.85,259.75
20090325,Au9999,203.50,204.09
20091224,Au9999,250.00,251.58
20100105,Au9999,250.00,251.58
20150430,Au9999,241.48,239.93
20090716,Au9999,204.80,206.19
20190424,Au99.99,279.50,278.50
20171102,Au9999,273.99,273.34
20180703,Au99.99,268.90,267.84
20171207,Au9999,271.91,269.28
20141020,Au9999,244.98,244.79
20030224,Au99.99,94.31,94.74
20190214,Au99.99,287.42,286.50
20140526,Au9999,260.10,259.56
20180323,Au99.99,272.62,274.97
20200224,Au99.99,372.80,376.90
20110921,Au9999,371.00,374.61
20150505,Au9999,236.99,237.73
20200312,Au99.99,373.00,366.49
20150929,Au9999,233.00,230.56
20081006,Au9999,183.00,183.18
20090504,Au9999,195.21,196.70
20161229,Au99.99,261.60,262.99
20140428,Au9999,260.42,261.89
20180530,Au99.99,269.88,268.85
20021224,Au99.99,93.65,93.1
20161110,Au99.99,288.30,282.60
20190409,Au99.99,283.62,283.80
20130116,Au9999,337.95,337.70
20121022,Au9999,349.80,347.51
20081223,Au9999,186.50,187.17
20101222,Au9999,299.80,298.89
20120507,Au9999,334.80,333.51
20160215,Au9999,250.00,253.70
20140530,Au9999,254.80,252.80
20180319,Au99.99,270.81,268.60
20021219,Au99.99,91.62,93.66
20190312,Au99.99,284.00,282.80
20170621,Au9999,276.50,275.79
20110816,Au9999,362.30,364.76
20110810,Au9999,363.15,361.75
20130128,Au9999,335.00,334.62
20170609,Au99.99,283.19,279.72
20120524,Au9999,319.80,319.29
20021216,Au99.99,88.8,89.53
20150518,Au9999,242.51,245.37
20180510,Au99.99,270.62,270.10
20161021,Au99.99,276.60,275.54
20090623,Au9999,204.13,203.03
20081021,Au9999,178.49,175.00
20100225,Au9999,241.00,240.55
20100813,Au9999,263.45,265.90
20090922,Au9999,220.16,222.16
20160425,Au9999,260.30,259.06
20110505,Au9999,322.50,318.12
20120323,Au9999,336.77,336.60
20181126,Au99.99,274.40,275.00
20160706,Au9999,289.99,293.82
20130117,Au9999,337.95,337.40
20111125,Au9999,349.80,345.52
20171229,Au99.99,273.39,273.00
20140916,Au9999,245.80,245.40
20130904,Au9999,278.00,279.18
20180125,Au99.99,278.50,278.87
20170420,Au99.99,285.99,285.49
20100527,Au9999,266.50,266.06
20130808,Au9999,259.00,259.02
20091203,Au9999,268.00,265.89
20090305,Au9999,201.00,201.43
20100817,Au9999,267.40,268.00
20130326,Au9999,322.15,321.05
20110718,Au9999,327.20,331.55
20180129,Au9999,277.48,275.98
20160308,Au9999,265.00,266.29
20150619,Au9999,238.97,239.40
20151217,Au9999,222.29,223.13
20150818,Au9999,230.89,231.04
20100720,Au9999,259.90,259.00
20100624,Au9999,273.00,270.14
20110504,Au9999,322.00,321.67
20141231,Au9999,237.42,240.59
20090805,Au9999,210.00,212.02
20021223,Au99.99,93.8,93.44
20090903,Au9999,211.80,215.44
20121019,Au9999,353.00,349.86
20130523,Au9999,283.50,278.00
20140313,Au9999,268.00,269.76
20111220,Au9999,329.00,328.65
20160509,Au9999,268.60,268.10
20161028,Au99.99,278.50,277.55
20200220,Au99.99,364.00,362.29
20180619,Au99.99,268.00,267.82
20161220,Au9999,262.88,262.06
20090624,Au9999,203.18,204.21
20111229,Au9999,324.70,315.50
20080902,Au99.99,182.60,178.28
20140811,Au9999,260.90,259.37
20190118,Au99.99,284.00,283.28
20181211,Au99.99,278.83,278.09
20150416,Au9999,239.48,240.30
20121109,Au9999,347.40,348.32
20161111,Au99.99,282.50,278.47
20191211,Au99.99,332.91,332.68
20100208,Au9999,235.00,235.60
20120313,Au9999,347.26,347.10
20100316,Au9999,244.00,245.15
20150423,Au9999,239.99,236.99
20130821,Au9999,272.00,272.23
20110415,Au9999,308.54,310.22
20030331,Au99.99,89.3,89.35
20140815,Au9999,260.75,260.14
20030225,Au99.99,96.5,95.74
20150317,Au9999,234.60,233.00
20180531,Au99.99,270.00,269.54
20121106,Au9999,339.99,339.42
20021125,Au99.99,85.21,85.39
20160418,Au9999,257.99,258.28
20180503,Au99.99,270.62,269.40
20110909,Au9999,383.60,386.93
20110120,Au9999,296.80,293.91
20171030,Au9999,273.50,272.92
20081126,Au9999,180.00,178.80
20110802,Au9999,336.00,336.40
20101125,Au9999,297.80,295.58
20200219,Au99.99,358.50,361.11
20021120,Au99.99,85.3,85
20190104,Au99.99,287.31,287.49
20100827,Au9999,271.00,270.01
20200114,Au99.99,347.58,342.96
20090701,Au9999,207.00,205.16
20110218,Au9999,294.50,294.10
20181107,Au99.99,276.52,275.22
20190327,Au99.99,287.65,287.10
20141216,Au9999,242.50,239.09
20120316,Au9999,339.50,339.40
20090121,Au9999,187.00,187.57
20160114,Au9999,230.48,231.41
20190619,Au99.99,304.95,302.21
20150512,Au9999,237.89,236.90
20021112,Au99.99,85.26,85.29
20141031,Au9999,239.38,230.44
20150123,Au9999,258.00,259.80
20190826,Au99.99,345.00,355.09
20091104,Au9999,233.00,237.80
20151119,Au9999,220.07,221.59
20190925,Au99.99,352.59,352.15
20090324,Au9999,208.01,206.49
20130917,Au9999,263.80,262.00
20141103,Au9999,231.49,230.93
20190221,Au99.99,293.80,290.71
20170522,Au99.99,280.68,280.00
20110805,Au9999,344.80,344.95
20120712,Au9999,326.99,322.88
20160923,Au9999,286.85,286.80
20090810,Au9999,210.00,210.01
20140327,Au9999,262.00,259.51
20130228,Au9999,326.00,323.99
20100601,Au9999,267.70,267.69
20190807,Au99.99,333.75,340.30
20130201,Au9999,336.70,335.04
20131206,Au9999,246.00,243.50
20100608,Au9999,268.00,272.28
20150514,Au9999,239.00,242.83
20111215,Au9999,336.00,322.28
20120910,Au9999,348.00,353.50
20200221,Au99.99,365.00,369.78
20170215,Au99.99,274.49,273.40
20090429,Au9999,196.00,197.12
20180711,Au99.99,268.30,269.00
20080813,Au9999,182.00,182.84
20130426,Au9999,299.00,296.50
20100108,Au9999,250.00,251.58
20110705,Au9999,312.50,312.13
20150713,Au9999,232.30,231.40
20190123,Au99.99,284.00,282.34
20151123,Au9999,223.85,220.83
20151008,Au9999,230.50,235.00
20140902,Au9999,255.70,252.84
20191126,Au99.99,332.88,330.89
20111103,Au9999,355.49,353.40
20120919,Au9999,359.00,361.00
20120106,Au9999,330.00,332.58
20170602,Au9999,279.59,278.16
20100127,Au9999,245.00,242.91
20170628,Au99.99,275.55,275.94
20120713,Au9999,322.88,323.91
20101102,Au9999,293.99,292.38
20130712,Au9999,259.37,257.59
20100629,Au9999,275.00,270.00
20030108,Au99.99,93.6,93.37
20110523,Au9999,316.50,315.50
20120112,Au9999,335.80,337.37
20120620,Au9999,333.99,331.19
20190129,Au99.99,284.98,285.92
20110812,Au9999,368.20,362.79
20161223,Au99.99,258.95,260.07
20190220,Au99.99,292.20,292.33
20190708,Au99.99,316.25,314.07
20140715,Au9999,263.00,261.73
20151027,Au9999,238.30,238.45
20091127,Au9999,258.29,258.25
20100302,Au9999,245.00,245.09
20151223,Au9999,225.35,224.60
20130604,Au9999,281.50,279.55
20110930,Au9999,336.00,338.49
20140210,Au9999,248.85,250.39
20170427,Au99.99,282.00,282.59
20180904,Au99.99,265.49,264.14
20090619,Au9999,207.00,205.80
20181026,Au99.99,277.35,277.48
20170725,Au9999,274.01,273.84
20030321,Au99.99,89.8,90.15
20200110,Au99.99,354.00,346.79
20181228,Au99.99,283.99,284.60
20190326,Au99.99,287.50,287.65
20120914,Au9999,355.50,360.31
20161031,Au99.99,277.78,278.93
20140606,Au9999,251.99,252.75
20110316,Au9999,299.18,298.50
20181123,Au99.99,274.65,274.61
20090901,Au9999,209.00,210.22
20100323,Au9999,244.10,243.37
20190715,Au99.99,314.99,315.00
20160720,Au9999,288.20,285.85
20100909,Au9999,275.57,274.14
20141014,Au9999,242.99,243.58
20130927,Au9999,265.00,263.58
20081022,Au9999,173.00,169.00
20110414,Au9999,308.60,308.54
20170817,Au99.99,275.16,277.00
20190920,Au99.99,344.58,345.14
20130301,Au9999,324.99,320.70
20121225,Au9999,334.50,333.40
20111110,Au9999,364.91,358.89
20090828,Au9999,208.00,209.17
20120321,Au9999,337.90,337.87
20161014,Au99.99,272.83,272.80
20170118,Au99.99,273.00,271.03
20090204,Au9999,198.00,197.53
20130705,Au9999,255.25,252.99
20091216,Au9999,247.00,248.00
20130304,Au9999,323.49,320.20
20121101,Au9999,349.00,345.69
20111207,Au9999,353.48,354.60
20090629,Au9999,207.30,206.25
20160516,Au9999,267.95,269.35
20171121,Au9999,276.79,274.89
20140207,Au9999,247.49,248.29
20190624,Au99.99,312.00,313.26
20180801,Au99.99,269.00,268.24
20120221,Au9999,353.80,353.65
20190926,Au99.99,354.00,347.20
20181120,Au99.99,273.98,274.42
20171219,Au9999,270.88,271.31
20190128,Au99.99,282.75,284.45
20140603,Au9999,252.80,250.90
20100511,Au9999,263.09,265.20
20180122,Au99.99,276.80,275.95
20150205,Au9999,255.95,255.26
20140320,Au9999,268.20,265.45
20140416,Au9999,261.00,260.08
20100706,Au9999,265.00,263.86
20080917,Au9999,172.00,173.99
20111209,Au9999,356.50,350.80
20150703,Au9999,232.72,233.77
20170217,Au99.99,275.50,275.75
20090203,Au9999,199.00,198.09
20100429,Au9999,255.80,256.24
20091116,Au9999,246.00,248.08
20181205,Au99.99,274.39,274.28
20180209,Au99.99,270.00,269.55
20141113,Au9999,230.10,228.89
20161214,Au99.99,265.00,265.93
20140418,Au9999,259.30,259.33
20120718,Au9999,327.90,325.04
20160628,Au9999,284.00,281.67
20140612,Au9999,253.15,252.00
20191209,Au99.99,337.10,332.31
20080822,Au9999,183.22,184.04
20171220,Au9999,271.49,270.68
20180905,Au99.99,264.14,263.91
20110906,Au9999,388.00,393.48
20160202,Au9999,239.50,238.50
20090112,Au9999,188.79,188.59
20131125,Au9999,246.30,243.32
20190523,Au99.99,286.37,286.61
20101011,Au9999,290.99,289.99
20190621,Au99.99,310.00,311.00
20150723,Au9999,219.20,219.55
20191118,Au99.99,331.12,330.79
20180906,Au99.99,265.00,264.80
20170519,Au99.99,298.00,279.26
20180326,Au99.99,275.12,274.18
20150907,Au9999,234.90,231.00
20110531,Au9999,321.00,320.64
20111020,Au9999,343.60,334.98
20140813,Au9999,260.00,259.61
20151204,Au9999,217.75,219.96
20180110,Au99.99,277.10,276.65
20111228,Au9999,327.20,323.64
20180613,Au99.99,268.99,267.86
20191025,Au99.99,341.50,343.80
20170317,Au99.99,275.02,275.62
20180416,Au99.99,272.42,272.89
20150629,Au9999,235.77,235.56
20111213,Au9999,346.34,339.31
20100618,Au9999,274.00,272.97
